Site	Parent	Child	Recurrence	Reversion	P-Value	Adjusted P-Value	AllSiteSubs	SiteComposition			
1	NA	NA	NA	NA	NA	NA	NA	NA			
2	NA	NA	NA	NA	NA	NA	NA	NA			
3	NA	NA	NA	NA	NA	NA	NA	NA			
4	NA	NA	NA	NA	NA	NA	NA	NA			
5	NA	NA	NA	NA	NA	NA	NA	NA			
6	NA	NA	NA	NA	NA	NA	NA	NA			
7	NA	NA	NA	NA	NA	NA	NA	NA			
8	NA	NA	NA	NA	NA	NA	NA	NA			
9	NA	NA	NA	NA	NA	NA	NA	NA			
10	NA	NA	NA	NA	NA	NA	NA	NA			
11	NA	NA	NA	NA	NA	NA	NA	NA			
12	NA	NA	NA	NA	NA	NA	NA	NA			
13	NA	NA	NA	NA	NA	NA	NA	NA			
14	NA	NA	NA	NA	NA	NA	NA	NA			
15	NA	NA	NA	NA	NA	NA	NA	NA			
16	NA	NA	NA	NA	NA	NA	NA	NA			
17	NA	NA	NA	NA	NA	NA	NA	NA			
18	NA	NA	NA	NA	NA	NA	NA	NA			
19	NA	NA	NA	NA	NA	NA	NA	NA			
20	NA	NA	NA	NA	NA	NA	NA	NA			
21	NA	NA	NA	NA	NA	NA	NA	NA			
22	NA	NA	NA	NA	NA	NA	NA	NA			
23	NA	NA	NA	NA	NA	NA	NA	NA			
24	NA	NA	NA	NA	NA	NA	NA	NA			
25	NA	NA	NA	NA	NA	NA	NA	NA			
26	NA	NA	NA	NA	NA	NA	NA	NA			
27	NA	NA	NA	NA	NA	NA	NA	NA			
28	NA	NA	NA	NA	NA	NA	NA	NA			
29	NA	NA	NA	NA	NA	NA	NA	NA			
30	NA	NA	NA	NA	NA	NA	NA	NA			
31	NA	NA	NA	NA	NA	NA	NA	NA			
32	NA	NA	NA	NA	NA	NA	NA	NA			
33	NA	NA	NA	NA	NA	NA	NA	NA			
34	NA	NA	NA	NA	NA	NA	NA	NA			
35	NA	NA	NA	NA	NA	NA	NA	NA			
36	NA	NA	NA	NA	NA	NA	NA	NA			
37	NA	NA	NA	NA	NA	NA	NA	NA			
38	NA	NA	NA	NA	NA	NA	NA	NA			
39	NA	NA	NA	NA	NA	NA	NA	NA			
40	NA	NA	NA	NA	NA	NA	NA	NA			
41	NA	NA	NA	NA	NA	NA	NA	NA			
42	NA	NA	NA	NA	NA	NA	NA	NA			
43	S	R	6	0	0.0009425	0.006244	T>A:9,S>R:6,A>T:6,T>S:4,S>G:1,S>T:1,S>A:1,S>V:1	S:94,A:65,T:44,R:7,G:2,V:1			
43	T	A	9	6	0.001885	0.009082	T>A:9,S>R:6,A>T:6,T>S:4,S>G:1,S>T:1,S>A:1,S>V:1	S:94,A:65,T:44,R:7,G:2,V:1			
43	A	T	6	9	0.006598	0.016651	T>A:9,S>R:6,A>T:6,T>S:4,S>G:1,S>T:1,S>A:1,S>V:1	S:94,A:65,T:44,R:7,G:2,V:1			
43	T	S	4	1	0.009425	0.021719	T>A:9,S>R:6,A>T:6,T>S:4,S>G:1,S>T:1,S>A:1,S>V:1	S:94,A:65,T:44,R:7,G:2,V:1			
47	L	F	2	5	0.03016	0.048439	F>L:5,L>F:2,L>W:1	L:125,F:87,W:1			
47	F	L	5	2	0.1206	0.148697	F>L:5,L>F:2,L>W:1	L:125,F:87,W:1			
48	K	R	7	1	0.0377	0.055503	K>R:7,R>K:1	K:202,R:11			
50	V	A	10	9	0.001885	0.009082	V>A:10,A>V:9,A>L:2,A>T:1,V>T:1	V:166,A:41,L:3,T:3			
50	A	V	9	10	0.00377	0.011754	V>A:10,A>V:9,A>L:2,A>T:1,V>T:1	V:166,A:41,L:3,T:3			
50	A	L	2	0	0.008483	0.020435	V>A:10,A>V:9,A>L:2,A>T:1,V>T:1	V:166,A:41,L:3,T:3			
53	F	L	3	0	0.2997	0.324184	F>L:3	L:115,F:98			
54	V	L	9	4	0.0009425	0.006244	V>L:9,A>V:5,L>V:4,V>A:2,V>M:1,V>I:1	A:124,V:61,L:26,M:1,I:1			
54	L	V	4	9	0.002828	0.011528	V>L:9,A>V:5,L>V:4,V>A:2,V>M:1,V>I:1	A:124,V:61,L:26,M:1,I:1			42
54	A	V	5	2	0.01225	0.024976	V>L:9,A>V:5,L>V:4,V>A:2,V>M:1,V>I:1	A:124,V:61,L:26,M:1,I:1			
54	V	A	2	5	0.4279	0.436127	V>L:9,A>V:5,L>V:4,V>A:2,V>M:1,V>I:1	A:124,V:61,L:26,M:1,I:1			
55	G	A	11	2	0.0009425	0.006244	G>A:11,I>L:9,V>I:3,A>V:2,I>V:2,I>T:2,A>G:2,G>L:1,V>A:1,L>I:1,L>F:1,I>A:1,G>V:1,A>L:1	I:59,G:52,L:38,A:33,V:20,T:10,F:1			
55	I	L	9	1	0.0009425	0.006244	G>A:11,I>L:9,V>I:3,A>V:2,I>V:2,I>T:2,A>G:2,G>L:1,V>A:1,L>I:1,L>F:1,I>A:1,G>V:1,A>L:1	I:59,G:52,L:38,A:33,V:20,T:10,F:1			
55	I	T	2	0	0.005655	0.015775	G>A:11,I>L:9,V>I:3,A>V:2,I>V:2,I>T:2,A>G:2,G>L:1,V>A:1,L>I:1,L>F:1,I>A:1,G>V:1,A>L:1	I:59,G:52,L:38,A:33,V:20,T:10,F:1			
55	I	V	2	3	0.01131	0.024976	G>A:11,I>L:9,V>I:3,A>V:2,I>V:2,I>T:2,A>G:2,G>L:1,V>A:1,L>I:1,L>F:1,I>A:1,G>V:1,A>L:1	I:59,G:52,L:38,A:33,V:20,T:10,F:1			
55	V	I	3	2	0.0132	0.025901	G>A:11,I>L:9,V>I:3,A>V:2,I>V:2,I>T:2,A>G:2,G>L:1,V>A:1,L>I:1,L>F:1,I>A:1,G>V:1,A>L:1	I:59,G:52,L:38,A:33,V:20,T:10,F:1			
55	A	G	2	11	0.01979	0.034967	G>A:11,I>L:9,V>I:3,A>V:2,I>V:2,I>T:2,A>G:2,G>L:1,V>A:1,L>I:1,L>F:1,I>A:1,G>V:1,A>L:1	I:59,G:52,L:38,A:33,V:20,T:10,F:1			
55	A	V	2	1	0.03676	0.055503	G>A:11,I>L:9,V>I:3,A>V:2,I>V:2,I>T:2,A>G:2,G>L:1,V>A:1,L>I:1,L>F:1,I>A:1,G>V:1,A>L:1	I:59,G:52,L:38,A:33,V:20,T:10,F:1			
56	G	A	9	7	0.0009425	0.006244	G>A:9,A>G:7,G>S:2	G:125,A:86,S:2			
56	A	G	7	9	0.002828	0.011528	G>A:9,A>G:7,G>S:2	G:125,A:86,S:2			
56	G	S	2	0	0.01979	0.034967	G>A:9,A>G:7,G>S:2	G:125,A:86,S:2			
59	L	I	8	1	0.0009425	0.006244	L>I:8,I>V:3,L>V:2,V>I:1,I>L:1	I:131,L:74,V:8			
59	I	V	3	1	0.04713	0.065727	L>I:8,I>V:3,L>V:2,V>I:1,I>L:1	I:131,L:74,V:8			
59	L	V	2	0	0.2451	0.270578	L>I:8,I>V:3,L>V:2,V>I:1,I>L:1	I:131,L:74,V:8			
61	S	T	3	0	0.09237	0.116557	S>T:3,S>A:2	S:207,A:3,T:3			
61	S	A	2	0	0.2177	0.245513	S>T:3,S>A:2	S:207,A:3,T:3			
64	T	M	16	1	0.0009425	0.006244	T>M:16,T>S:2,T>N:2,T>I:1,M>T:1,T>D:1	T:173,M:28,D:6,N:3,S:2,I:1			
64	T	N	2	0	0.06692	0.088666	T>M:16,T>S:2,T>N:2,T>I:1,M>T:1,T>D:1	T:173,M:28,D:6,N:3,S:2,I:1			
64	T	S	2	0	0.377	0.399623	T>M:16,T>S:2,T>N:2,T>I:1,M>T:1,T>D:1	T:173,M:28,D:6,N:3,S:2,I:1			
65	E	Q	3	5	0.004713	0.013876	Q>E:5,E>Q:3,Q>D:1	Q:195,E:17,D:1			
65	Q	E	5	3	0.01414	0.02676	Q>E:5,E>Q:3,Q>D:1	Q:195,E:17,D:1			
75	P	A	3	0	0.082	0.105998	P>A:3	P:207,A:6			
76	A	D	3	0	0.00377	0.011754	A>D:3,A>E:1	A:209,D:3,E:1			
77	D	G	2	0	0.1932	0.222616	D>E:2,D>G:2	D:206,G:5,E:2			
77	D	E	2	0	0.5127	0.512724	D>E:2,D>G:2	D:206,G:5,E:2			
78	Y	H	3	0	0.1414	0.170294	Y>H:3,Y>F:1,Y>C:1	Y:205,H:6,F:1,C:1			
79	E	K	9	1	0.0009425	0.006244	E>K:9,E>Q:4,E>G:3,E>D:2,E>N:1,K>E:1	E:190,K:10,Q:4,G:3,N:3,D:2,A:1			
79	E	Q	4	0	0.02451	0.040587	E>K:9,E>Q:4,E>G:3,E>D:2,E>N:1,K>E:1	E:190,K:10,Q:4,G:3,N:3,D:2,A:1			
79	E	G	3	0	0.03582	0.055503	E>K:9,E>Q:4,E>G:3,E>D:2,E>N:1,K>E:1	E:190,K:10,Q:4,G:3,N:3,D:2,A:1			
79	E	D	2	0	0.394	0.409418	E>K:9,E>Q:4,E>G:3,E>D:2,E>N:1,K>E:1	E:190,K:10,Q:4,G:3,N:3,D:2,A:1			
80	H	N	4	3	0.001885	0.009082	H>N:4,N>H:3,H>Q:3,N>S:1,C>R:1,H>C:1,H>P:1	H:107,N:89,C:8,S:3,Q:3,R:2,P:1			
80	H	Q	3	0	0.006598	0.016651	H>N:4,N>H:3,H>Q:3,N>S:1,C>R:1,H>C:1,H>P:1	H:107,N:89,C:8,S:3,Q:3,R:2,P:1			
80	N	H	3	4	0.02451	0.040587	H>N:4,N>H:3,H>Q:3,N>S:1,C>R:1,H>C:1,H>P:1	H:107,N:89,C:8,S:3,Q:3,R:2,P:1			
81	D	E	13	5	0.00377	0.011754	D>E:13,E>D:5,D>N:4,D>H:3,D>G:2,E>Q:1,E>K:1,E>N:1	D:160,E:39,N:5,H:3,-:2,G:2,Q:1,K:1			
81	D	H	3	0	0.00377	0.011754	D>E:13,E>D:5,D>N:4,D>H:3,D>G:2,E>Q:1,E>K:1,E>N:1	D:160,E:39,N:5,H:3,-:2,G:2,Q:1,K:1			
81	E	D	5	13	0.01225	0.024976	D>E:13,E>D:5,D>N:4,D>H:3,D>G:2,E>Q:1,E>K:1,E>N:1	D:160,E:39,N:5,H:3,-:2,G:2,Q:1,K:1			
81	D	N	4	0	0.04618	0.065727	D>E:13,E>D:5,D>N:4,D>H:3,D>G:2,E>Q:1,E>K:1,E>N:1	D:160,E:39,N:5,H:3,-:2,G:2,Q:1,K:1			
81	D	G	2	0	0.1734	0.204252	D>E:13,E>D:5,D>N:4,D>H:3,D>G:2,E>Q:1,E>K:1,E>N:1	D:160,E:39,N:5,H:3,-:2,G:2,Q:1,K:1			
82	Q	K	3	0	0.06315	0.085816	Q>K:3,Q>H:1,Q>R:1,Q>N:1	Q:196,K:9,-:5,H:1,N:1,R:1			
