Site	Parent	Child	Recurrence	Reversion	P-Value	Adjusted P-Value	AllSiteSubs	SiteComposition
48	I	V	18	0	7.037e-04	0.002939	I>V:18	I:214,V:39
4	A	T	11	2	7.037e-04	0.002939	A>T:11,T>A:2,A>V:1	A:223,T:29,V:1
172	H	Q	10	0	7.037e-04	0.002939	H>Q:10,H>N:1,Q>E:1,Q>R:1	Q:200,H:50,R:1,E:1,N:1
91	K	R	9	0	7.037e-04	0.002939	K>R:9,K>N:5,K>T:1	K:228,R:18,N:6,T:1
32	V	L	9	0	7.037e-04	0.002939	V>L:9	V:224,L:28,G:1
68	V	L	9	0	7.037e-04	0.002939	V>L:9,V>I:5,L>R:1,V>A:1,V>E:1	V:220,L:24,I:5,E:2,A:1,R:1
130	K	N	9	0	7.037e-04	0.002939	K>N:9,K>Q:5	K:208,Q:34,N:11
1	N	K	7	0	7.037e-04	0.002939	N>K:7,N>D:3	N:230,K:17,D:5,-:1
167	L	F	7	0	7.037e-04	0.002939	L>F:7,F>V:1,L>M:1,L>P:1	L:223,F:27,P:1,M:1,V:1
70	R	T	7	0	7.037e-04	0.002939	R>T:7,R>K:6,R>S:3,R>N:1	R:224,T:15,K:9,S:4,N:1
130	K	Q	5	0	7.037e-04	0.002939	K>N:9,K>Q:5	K:208,Q:34,N:11
152	S	C	5	0	7.037e-04	0.002939	S>C:5,S>A:3,S>R:1	S:239,C:7,A:6,R:1
50	S	L	5	0	7.037e-04	0.002939	S>L:5,S>T:1	S:243,L:5,T:5
91	K	N	5	0	7.037e-04	0.002939	K>R:9,K>N:5,K>T:1	K:228,R:18,N:6,T:1
7	I	T	3	0	7.037e-04	0.002939	V>A:4,I>V:4,I>T:3,V>I:2,A>G:1	V:136,I:107,A:5,T:4,G:1
160	T	N	2	0	7.037e-04	0.002939	S>T:6,S>N:4,T>S:2,T>N:2,S>I:2,T>I:1,S>A:1,T>V:1	S:216,T:22,N:10,I:3,A:1,V:1
160	S	I	2	0	7.037e-04	0.002939	S>T:6,S>N:4,T>S:2,T>N:2,S>I:2,T>I:1,S>A:1,T>V:1	S:216,T:22,N:10,I:3,A:1,V:1
160	S	T	6	2	1.407e-03	0.005259	S>T:6,S>N:4,T>S:2,T>N:2,S>I:2,T>I:1,S>A:1,T>V:1	S:216,T:22,N:10,I:3,A:1,V:1
173	T	M	4	0	1.407e-03	0.005259	T>M:4,T>A:1	T:243,M:5,-:4,A:1
59	Q	R	5	0	2.815e-03	0.009993	Q>R:5,Q>E:3,Q>H:1,E>Q:1	Q:226,E:17,R:9,H:1
2	V	M	2	0	3.519e-03	0.011896	V>M:2,I>V:2,V>A:2,I>L:1,V>I:1,V>G:1	V:130,I:111,M:6,A:3,G:1,-:1,L:1
70	R	K	6	0	4.222e-03	0.013034	R>T:7,R>K:6,R>S:3,R>N:1	R:224,T:15,K:9,S:4,N:1
160	T	S	2	6	4.222e-03	0.013034	S>T:6,S>N:4,T>S:2,T>N:2,S>I:2,T>I:1,S>A:1,T>V:1	S:216,T:22,N:10,I:3,A:1,V:1
28	E	D	5	0	4.926e-03	0.013990	E>D:5,E>A:1	E:240,A:8,D:5
70	R	S	3	0	4.926e-03	0.013990	R>T:7,R>K:6,R>S:3,R>N:1	R:224,T:15,K:9,S:4,N:1
119	V	I	8	1	5.630e-03	0.014804	V>I:8,I>V:1	I:139,V:114
163	R	Q	4	0	5.630e-03	0.014804	R>Q:4	R:248,Q:5
160	S	N	4	0	7.037e-03	0.017845	S>T:6,S>N:4,T>S:2,T>N:2,S>I:2,T>I:1,S>A:1,T>V:1	S:216,T:22,N:10,I:3,A:1,V:1
7	I	V	4	2	8.445e-03	0.020675	V>A:4,I>V:4,I>T:3,V>I:2,A>G:1	V:136,I:107,A:5,T:4,G:1
74	I	V	4	3	9.148e-03	0.021651	I>V:4,V>I:3,V>L:1	V:141,I:111,L:1
9	K	R	5	0	9.852e-03	0.021860	K>R:5	K:247,R:6
154	L	V	3	0	9.852e-03	0.021860	L>V:3,L>I:1	L:248,V:4,I:1
2	V	A	2	0	1.126e-02	0.024225	V>M:2,I>V:2,V>A:2,I>L:1,V>I:1,V>G:1	V:130,I:111,M:6,A:3,G:1,-:1,L:1
152	S	A	3	0	1.407e-02	0.029391	S>C:5,S>A:3,S>R:1	S:239,C:7,A:6,R:1
59	Q	E	3	1	1.478e-02	0.029979	Q>R:5,Q>E:3,Q>H:1,E>Q:1	Q:226,E:17,R:9,H:1
79	R	K	5	0	1.619e-02	0.031922	R>K:5	R:247,K:6
4	T	A	2	11	2.041e-02	0.039162	A>T:11,T>A:2,A>V:1	A:223,T:29,V:1
132	A	S	3	0	2.322e-02	0.043390	A>S:3	A:247,S:5,V:1
45	K	Q	2	0	2.604e-02	0.047403	K>R:3,K>Q:2,K>E:2,K>N:1	K:244,R:4,Q:2,E:2,N:1
169	E	Q	2	0	2.674e-02	0.047467	E>Q:2,E>K:1	E:250,Q:2,K:1
7	V	A	4	0	2.956e-02	0.049965	V>A:4,I>V:4,I>T:3,V>I:2,A>G:1	V:136,I:107,A:5,T:4,G:1
1	N	D	3	0	2.885e-02	0.049965	N>K:7,N>D:3	N:230,K:17,D:5,-:1
148	E	Q	2	0	3.096e-02	0.051127	E>Q:2	E:251,Q:2
126	L	F	2	0	3.659e-02	0.059049	L>F:2,L>I:1	L:249,F:3,I:1
164	E	K	2	0	4.363e-02	0.068840	E>K:2	E:251,K:2
67	V	I	5	0	4.996e-02	0.077120	V>I:5,V>L:2	V:243,I:6,L:4
68	V	I	5	0	5.348e-02	0.079944	V>L:9,V>I:5,L>R:1,V>A:1,V>E:1	V:220,L:24,I:5,E:2,A:1,R:1
115	L	V	2	0	5.559e-02	0.079944	L>V:2	L:249,V:4
145	A	G	2	0	5.630e-02	0.079944	A>T:3,A>V:3,A>G:2	A:238,T:10,V:3,G:2
45	K	E	2	0	5.559e-02	0.079944	K>R:3,K>Q:2,K>E:2,K>N:1	K:244,R:4,Q:2,E:2,N:1
118	S	A	2	1	5.982e-02	0.081673	S>A:2,A>S:1	S:242,A:11
108	G	A	2	0	5.911e-02	0.081673	G>A:2,G>S:1	G:241,A:11,S:1
145	A	V	3	0	6.263e-02	0.083903	A>T:3,A>V:3,A>G:2	A:238,T:10,V:3,G:2
53	S	A	2	0	6.404e-02	0.084200	S>A:2,S>T:1,S>P:1	S:249,A:2,P:1,T:1
102	F	L	3	0	6.756e-02	0.087211	F>L:3	L:134,F:119
45	K	R	3	0	7.108e-02	0.090115	K>R:3,K>Q:2,K>E:2,K>N:1	K:244,R:4,Q:2,E:2,N:1
143	M	T	3	0	7.671e-02	0.095547	M>T:3	M:250,T:3
67	V	L	2	0	9.852e-02	0.120605	V>I:5,V>L:2	V:243,I:6,L:4
145	A	T	3	0	1.393e-01	0.167679	A>T:3,A>V:3,A>G:2	A:238,T:10,V:3,G:2
170	V	I	3	0	1.738e-01	0.202317	V>I:3	V:247,I:6
3	A	V	2	0	1.717e-01	0.202317	A>T:2,A>V:2,A>S:1	A:234,T:15,V:3,S:1
75	V	I	3	1	1.787e-01	0.204695	V>I:3,I>V:1	V:247,I:6
74	V	I	3	4	1.907e-01	0.214928	I>V:4,V>I:3,V>L:1	V:141,I:111,L:1
161	I	V	4	0	1.942e-01	0.215473	I>V:4	I:249,V:4
140	V	I	3	0	1.999e-01	0.218308	V>I:3	V:244,I:9
106	I	V	3	0	2.857e-01	0.302772	I>V:3	I:247,V:6
3	A	T	2	0	2.836e-01	0.302772	A>T:2,A>V:2,A>S:1	A:234,T:15,V:3,S:1
83	V	I	2	0	3.223e-01	0.336528	V>I:2	V:250,I:3
7	V	I	2	4	3.427e-01	0.352650	V>A:4,I>V:4,I>T:3,V>I:2,A>G:1	V:136,I:107,A:5,T:4,G:1
2	I	V	2	1	4.018e-01	0.407570	V>M:2,I>V:2,V>A:2,I>L:1,V>I:1,V>G:1	V:130,I:111,M:6,A:3,G:1,-:1,L:1
62	I	V	2	0	4.581e-01	0.458128	I>V:2	I:251,V:2
