1	1
2	2
3	2
4	2
5	2
6	2
7	2
8	1
9	2
10	1
11	1
12	2
13	1
14	1
15	1
16	1
17	1
18	1
19	1
20	2
21	1
22	1
23	1
24	1
25	1
26	2
27	1
28	1
29	1
30	1
31	2
32	1
33	1
34	1
35	1
36	1
37	1
38	1
39	1
40	1
41	1
42	2
43	2
44	1
45	1
46	1
47	1
48	1
49	1
50	2
51	1
52	1
53	2
54	2
55	1
56	1
57	1
58	2
59	1
60	2
61	2
62	1
63	1
64	1
65	1
66	1
67	1
68	1
69	1
70	2
71	1
72	1
73	2
74	1
75	1
76	1
77	1
78	1
79	1
80	2
81	2
82	1
83	2
84	2
85	1
86	1
87	1
88	1
89	1
90	1
91	1
92	1
93	1
94	1
95	1
96	1
97	1
98	1
99	1
100	1
101	1
102	1
103	1
104	1
105	1
106	1
107	1
108	1
109	1
110	1
111	1
112	1
113	2
114	1
115	1
116	1
117	1
118	1
119	1
120	2
121	1
122	1
123	1
124	1
125	1
126	1
127	2
128	1
129	1
130	1
131	1
132	1
133	1
134	1
135	2
136	1
137	1
138	2
139	1
140	1
141	1
142	1
143	1
144	2
145	1
146	1
147	2
148	1
149	2
150	1
151	1
152	2
153	1
154	2
155	2
156	2
157	2
158	2
159	1
160	1
161	2
162	1
163	1
164	1
165	1
166	1
167	1
168	1
169	1
170	1
171	1
172	1
173	2
174	1
175	1
176	2
177	1
178	1
179	1
180	1
181	1
182	1
183	2
184	1
185	1
186	1
187	2
188	2
189	1
190	1
191	2
192	1
193	1
194	2
195	1
196	1
197	2
198	1
199	2
200	1
201	1
202	1
203	1
204	1
205	1
206	1
207	1
208	1
209	1
210	1
211	1
212	1
213	1
214	1
215	1
216	1
217	1
218	1
219	1
220	1
221	1
222	2
223	1
224	2
225	1
226	1
227	1
228	2
229	1
230	2
231	2
232	2
233	2
234	2
235	1
236	2
237	1
238	2
239	2
240	1
241	3
242	2
243	2
244	2
245	1
246	1
247	1
248	1
249	1
250	1
251	1
252	1
253	1
254	1
255	1
256	1
257	1
258	2
259	1
260	1
261	2
262	1
263	1
264	1
265	1
266	1
267	1
268	1
269	1
270	1
271	1
272	1
273	1
274	1
275	2
276	1
277	1
278	1
279	2
280	1
281	1
282	1
283	1
284	1
285	1
286	1
287	1
288	2
289	1
290	1
291	1
292	1
293	1
294	1
295	1
296	1
297	1
298	1
299	1
300	1
301	2
302	1
303	1
304	1
305	2
306	1
307	2
308	1
309	1
310	2
311	2
312	1
313	2
314	1
315	1
316	1
317	1
318	1
319	1
320	1
321	1
322	1
323	1
324	1
325	1
326	1
327	1
328	1
329	1
330	1
331	1
332	1
333	1
334	1
335	1
336	1
337	2
338	1
339	1
340	1
341	1
342	2
343	1
344	1
345	1
346	2
347	2
348	1
349	1
350	1
351	2
352	1
353	1
354	1
355	1
356	1
357	1
358	1
359	1
360	2
361	1
362	1
363	1
364	1
365	1
366	2
367	1
368	1
369	1
370	1
371	2
372	1
373	1
374	1
375	1
376	1
377	1
378	1
379	1
380	1
381	1
382	1
383	1
384	1
385	1
386	1
387	1
388	1
389	1
390	1
391	1
392	1
393	1
394	1
395	1
396	1
397	1
398	1
399	1
400	1
401	1
402	1
403	1
404	1
405	1
406	1
407	1
408	1
409	1
410	1
411	2
412	1
413	1
414	1
415	1
416	2
417	1
418	1
419	1
420	2
421	1
422	1
423	1
424	1
425	1
426	2
427	1
428	1
429	1
430	1
431	1
432	1
433	2
434	1
435	1
436	1
437	1
438	1
439	1
440	1
441	1
442	1
443	2
444	1
445	1
446	1
447	1
448	2
449	1
450	1
451	2
452	1
453	1
454	1
455	2
456	1
457	2
