1	F	NA
2	H	NA
3	F	NA
4	T	NA
5	V	NA
6	D	NA
7	G	NA
8	K	NA
9	K	NA
10	N	NA
11	A	NA
12	S	NA
13	T	NA
14	K	NA
15	V	NA
16	S	NA
17	D	NA
18	S	NA
19	I	NA
20	S	NA
21	T	NA
22	Q	NA
23	Y	NA
24	P	NA
25	V	NA
26	V	NA
27	D	NA
28	H	NA
29	E	NA
30	F	NA
31	D	NA
32	A	NA
33	V	NA
34	V	NA
35	V	NA
36	G	NA
37	A	NA
38	G	NA
39	G	NA
40	A	NA
41	G	NA
42	L	NA
43	R	NA
44	A	NA
45	A	NA
46	F	NA
47	G	NA
48	L	NA
49	S	NA
50	E	NA
51	A	NA
52	G	NA
53	F	NA
54	N	NA
55	T	NA
56	A	NA
57	C	NA
58	V	NA
59	T	NA
60	K	NA
61	L	NA
62	F	NA
63	P	NA
64	T	NA
65	R	NA
66	S	NA
67	H	NA
68	T	NA
69	V	NA
70	A	NA
71	A	NA
72	Q	NA
73	G	NA
74	G	NA
75	I	NA
76	N	NA
77	A	NA
78	A	NA
79	L	NA
80	G	NA
81	N	NA
82	M	NA
83	E	NA
84	D	NA
85	D	NA
86	N	NA
87	W	NA
88	R	NA
89	W	NA
90	H	NA
91	F	NA
92	Y	NA
93	D	NA
94	T	NA
95	V	NA
96	K	NA
97	G	NA
98	S	NA
99	D	NA
100	W	NA
101	L	NA
102	G	NA
103	D	NA
104	Q	NA
105	D	NA
106	A	NA
107	I	NA
108	H	NA
109	Y	NA
110	M	NA
111	T	NA
112	E	NA
113	Q	NA
114	A	NA
115	P	NA
116	A	NA
117	A	NA
118	V	NA
119	I	NA
120	E	NA
121	L	NA
122	E	NA
123	N	NA
124	Y	NA
125	G	NA
126	M	NA
127	P	NA
128	F	NA
129	S	NA
130	R	NA
131	T	NA
132	E	NA
133	E	NA
134	G	NA
135	K	NA
136	I	NA
137	Y	NA
138	Q	NA
139	R	NA
140	A	NA
141	F	NA
142	G	NA
143	G	NA
144	Q	NA
145	S	NA
146	L	NA
147	Q	NA
148	F	NA
149	G	NA
150	K	NA
151	G	NA
152	G	NA
153	Q	NA
154	A	NA
155	H	NA
156	R	NA
157	C	NA
158	C	NA
159	C	NA
160	V	NA
161	A	NA
162	D	NA
163	R	NA
164	T	NA
165	G	NA
166	H	NA
167	S	NA
168	L	NA
169	L	NA
170	H	NA
171	T	NA
172	L	NA
173	Y	NA
174	G	NA
175	R	NA
176	S	NA
177	L	NA
178	R	NA
179	Y	NA
180	D	NA
181	T	NA
182	S	NA
183	Y	NA
184	F	NA
185	V	NA
186	E	NA
187	Y	NA
188	F	NA
189	A	NA
190	L	NA
191	D	NA
192	L	NA
193	L	NA
194	M	NA
195	E	NA
196	N	NA
197	G	NA
198	E	NA
199	C	NA
200	R	NA
201	G	NA
202	V	NA
203	I	NA
204	A	NA
205	L	NA
206	C	NA
207	I	NA
208	E	NA
209	D	NA
210	G	NA
211	T	NA
212	I	NA
213	H	NA
214	R	NA
215	F	NA
216	R	NA
217	A	NA
218	K	NA
219	N	NA
220	T	NA
221	V	NA
222	I	NA
223	A	NA
224	T	NA
225	G	NA
226	G	NA
227	Y	NA
228	G	NA
229	R	NA
230	T	NA
231	Y	NA
232	F	NA
233	S	NA
234	C	NA
235	T	NA
236	S	NA
237	A	NA
238	H	NA
239	T	NA
240	S	NA
241	T	NA
242	G	NA
243	D	NA
244	G	NA
245	T	NA
246	A	NA
247	M	NA
248	V	NA
249	T	NA
250	R	NA
251	A	NA
252	G	NA
253	L	NA
254	P	NA
255	C	NA
256	Q	NA
257	D	NA
258	L	NA
259	E	NA
260	F	NA
261	V	NA
262	Q	NA
263	F	NA
264	H	NA
265	P	NA
266	T	NA
267	G	NA
268	I	NA
269	Y	NA
270	G	NA
271	A	NA
272	G	NA
273	C	NA
274	L	NA
275	I	NA
276	T	NA
277	E	NA
278	G	NA
279	C	NA
280	R	NA
281	G	NA
282	E	NA
283	G	NA
284	G	NA
285	I	NA
286	L	NA
287	I	NA
288	N	NA
289	S	NA
290	Q	NA
291	G	NA
292	E	NA
293	R	1
294	F	1
295	M	1
296	E	1
297	R	1
298	Y	1
299	A	1
300	P	1
301	V	1
302	A	1
303	K	1
304	D	1
305	L	1
306	A	1
307	S	1
308	R	1
309	D	1
310	V	1
311	V	1
312	S	1
313	R	1
314	S	1
315	M	1
316	T	1
317	I	1
318	E	1
319	I	1
320	R	1
321	E	1
322	G	1
323	R	1
324	G	1
325	C	1
326	G	1
327	P	1
328	E	1
329	K	1
330	D	1
331	H	1
332	V	1
333	Y	1
334	L	1
335	Q	1
336	L	1
337	H	1
338	H	1
339	L	1
340	P	1
341	P	1
342	Q	1
343	Q	1
344	L	1
345	A	1
346	T	1
347	R	1
348	L	1
349	P	1
350	G	1
351	I	1
352	S	1
353	E	1
354	T	1
355	A	1
356	M	1
357	I	1
358	F	1
359	A	1
360	G	1
361	V	1
362	D	1
363	V	1
364	T	1
365	K	1
366	E	1
367	P	1
368	I	1
369	P	1
370	V	1
371	L	1
372	P	1
373	T	1
374	V	1
375	H	1
376	Y	1
377	N	1
378	M	1
379	G	1
380	G	1
381	I	1
382	P	1
383	T	1
384	N	1
385	Y	1
386	K	1
387	G	1
388	Q	1
389	V	1
390	I	1
391	T	1
392	H	1
393	V	1
394	N	1
395	G	1
396	E	1
397	D	1
398	K	1
399	V	1
400	V	1
401	P	1
402	G	1
403	L	1
404	Y	1
405	A	1
406	C	1
407	G	1
408	E	1
409	A	1
410	A	1
411	S	1
412	A	1
413	S	1
414	V	1
415	H	1
416	G	1
417	A	1
418	N	1
419	R	1
420	L	1
421	G	1
422	A	1
423	N	1
424	S	1
425	L	1
426	L	1
427	D	1
428	L	1
429	V	1
430	V	1
431	F	1
432	G	1
433	R	1
434	A	1
435	C	1
436	A	1
437	L	1
438	T	1
439	I	1
440	A	2
441	E	1
442	T	1
443	C	1
444	K	1
445	P	1
446	G	2
447	E	2
448	P	2
449	V	1
450	P	2
451	S	1
452	I	1
453	K	1
454	P	1
455	N	1
456	A	1
457	G	1
458	E	1
459	E	1
460	S	1
461	V	1
462	A	1
463	N	1
464	L	1
465	D	1
466	K	1
467	L	1
468	R	1
469	F	1
470	A	2
471	D	1
472	G	1
473	T	1
474	I	1
475	R	1
476	T	1
477	S	1
478	E	2
479	A	1
480	R	1
481	L	2
482	N	1
483	M	1
484	Q	1
485	K	2
486	T	1
487	M	1
488	Q	2
489	S	1
490	H	1
491	A	1
492	A	1
493	V	1
494	F	1
495	R	1
496	T	1
497	G	2
498	S	1
499	I	1
500	L	1
501	Q	1
502	E	1
503	G	1
504	C	1
505	E	1
506	K	1
507	L	1
508	S	2
509	Q	1
510	I	1
511	Y	2
512	R	1
513	D	1
514	L	1
515	A	1
516	H	1
517	L	1
518	K	1
519	T	1
520	F	1
521	D	1
522	R	1
523	G	1
524	I	1
525	V	1
526	W	1
527	N	1
528	T	1
529	D	1
530	L	1
531	V	1
532	E	1
533	T	1
534	L	1
535	E	1
536	L	1
537	Q	1
538	N	1
539	L	1
540	M	1
541	L	1
542	C	1
543	A	1
544	L	1
545	Q	1
546	T	1
547	I	1
548	Y	2
549	G	1
550	A	1
551	E	1
552	A	1
553	R	1
554	K	1
555	E	1
556	S	1
557	R	1
558	G	1
559	A	1
560	H	1
561	A	1
562	R	1
563	E	1
564	D	1
565	Y	1
566	K	2
567	L	1
568	R	2
569	I	1
570	D	1
571	E	1
572	F	1
573	D	1
574	Y	1
575	S	1
576	K	1
577	P	1
578	L	2
579	Q	1
580	G	1
581	Q	1
582	Q	2
583	K	1
584	R	1
585	P	1
586	F	1
587	E	2
588	E	1
589	H	1
590	W	1
591	R	1
592	K	1
593	H	1
594	T	1
595	L	1
596	S	1
597	Y	1
598	V	1
599	D	2
600	V	2
601	K	1
602	S	1
603	G	1
604	K	1
605	V	NA
606	T	NA
607	L	NA
608	K	NA
609	Y	NA
610	R	NA
611	P	NA
612	V	NA
613	I	NA
614	D	NA
615	R	NA
616	T	NA
617	L	NA
618	N	NA
619	E	NA
620	E	NA
621	D	NA
622	C	NA
623	S	NA
624	S	NA
625	V	NA
626	P	NA
627	P	NA
628	A	NA
629	I	NA
630	R	NA
631	S	NA
632	Y	NA
633	A	NA
634	Q	NA
635	T	NA
636	A	NA
637	A	NA
638	A	NA
639	A	NA
640	T	NA
641	S	NA
642	R	NA
643	I	NA
644	K	NA
645	K	NA
646	F	NA
647	S	NA
648	I	NA
649	Y	NA
650	R	NA
651	W	NA
652	D	NA
653	P	NA
654	D	NA
655	K	NA
656	P	NA
657	G	NA
658	D	NA
659	K	NA
660	P	NA
661	R	NA
662	M	NA
663	Q	NA
664	T	NA
665	Y	NA
666	E	NA
667	V	NA
668	D	NA
669	L	NA
670	N	NA
671	K	NA
672	C	NA
673	G	NA
674	P	NA
675	M	1
676	V	1
677	L	1
678	D	1
679	A	1
680	L	1
681	I	1
682	K	1
683	I	1
684	K	1
685	N	1
686	E	1
687	L	2
688	D	1
689	S	1
690	T	1
691	L	1
692	T	1
693	F	1
694	R	1
695	R	1
696	S	1
697	C	1
698	R	1
699	E	1
700	G	1
701	I	1
702	C	1
703	G	1
704	S	1
705	C	1
706	A	1
707	M	1
708	N	1
709	I	1
710	A	1
711	G	1
712	G	1
713	N	1
714	T	1
715	L	1
716	A	1
717	C	1
718	T	1
719	K	1
720	K	2
721	I	1
722	D	1
723	P	2
724	D	1
725	L	1
726	S	2
727	K	1
728	T	2
729	T	1
730	K	1
731	I	1
732	Y	1
733	P	1
734	L	1
735	P	1
736	H	1
737	M	1
738	Y	1
739	V	1
740	V	1
741	K	1
742	D	1
743	L	1
744	V	1
745	P	1
746	D	1
747	L	1
748	S	1
749	N	1
750	F	1
751	Y	1
752	A	1
753	Q	1
754	Y	1
755	K	1
756	S	1
757	I	1
758	E	1
759	P	1
760	Y	1
761	L	1
762	K	1
763	K	1
764	K	1
765	D	1
766	E	1
767	S	1
768	K	2
769	Q	1
770	G	1
771	K	1
772	E	2
773	Q	1
774	Y	1
775	L	1
776	Q	1
777	S	1
778	I	1
779	E	1
780	D	1
781	R	1
782	Q	1
783	K	1
784	L	1
785	D	1
786	G	1
787	L	1
788	Y	1
789	E	1
790	C	1
791	I	1
792	L	1
793	C	1
794	A	1
795	C	1
796	C	1
797	S	1
798	T	1
799	S	1
800	C	1
801	P	1
802	S	1
803	Y	1
804	W	1
805	W	1
806	N	1
807	G	1
808	D	1
809	K	1
810	Y	1
811	L	1
812	G	1
813	P	1
814	A	1
815	V	1
816	L	1
817	M	1
818	Q	1
819	A	1
820	Y	1
821	R	1
822	W	1
823	M	1
824	I	1
825	D	1
826	S	1
827	R	1
828	D	1
829	D	1
830	Y	2
831	T	1
832	E	1
833	E	1
834	R	1
835	L	1
836	A	1
837	Q	1
838	L	1
839	Q	1
840	D	1
841	P	1
842	F	1
843	S	1
844	L	1
845	Y	1
846	R	1
847	C	1
848	H	1
849	T	1
850	I	1
851	M	1
852	N	1
853	C	1
854	T	1
855	R	1
856	T	1
857	C	1
858	P	1
859	K	1
860	G	1
861	L	1
862	N	1
863	P	1
864	G	1
865	K	1
866	A	1
867	I	1
868	A	1
869	E	1
870	I	1
871	K	1
872	K	1
873	M	1
874	M	1
875	A	1
876	T	1
877	Y	1
878	K	1
879	E	2
880	K	1
881	A	2
882	A	2
883	A	2
884	A	1
885	A	1
886	T	1
887	T	1
888	A	1
889	K	1
890	E	1
891	E	1
892	M	1
893	A	1
894	R	1
895	F	1
896	W	1
897	E	1
898	K	1
899	N	1
900	T	1
901	K	1
902	S	1
903	S	1
904	R	1
905	P	1
906	L	1
907	S	1
908	P	1
909	H	1
910	I	1
911	S	1
912	I	1
913	Y	1
914	K	1
915	W	1
916	S	1
917	L	1
918	P	1
919	M	1
920	A	1
921	M	1
922	S	1
923	I	1
924	T	1
925	H	1
926	R	1
927	G	1
928	T	1
929	G	1
930	V	1
931	A	1
932	L	1
933	S	1
934	L	1
935	G	NA
936	V	NA
937	C	NA
938	T	NA
939	S	NA
940	S	NA
941	C	NA
942	C	NA
943	G	NA
944	L	NA
945	Q	NA
946	S	NA
947	C	NA
948	G	NA
949	C	NA
950	W	NA
951	H	NA
952	S	NA
953	F	NA
954	I	NA
955	S	NA
956	P	NA
957	C	NA
958	L	NA
959	S	NA
960	S	NA
961	C	NA
962	N	NA
963	S	NA
964	A	NA
965	F	NA
966	S	NA
967	R	NA
968	V	1
969	S	1
970	L	1
971	F	2
972	S	1
973	L	1
974	A	2
975	A	1
976	L	1
977	L	1
978	L	2
979	P	1
980	E	1
981	Q	1
982	F	1
983	P	1
984	H	1
985	Y	1
986	V	1
987	A	1
988	V	1
989	V	2
990	K	1
991	S	1
992	L	1
993	S	1
994	L	2
995	S	1
996	P	1
997	A	1
998	L	1
999	I	1
1000	Y	1
1001	S	1
1002	A	2
1003	K	1
1004	F	1
1005	A	2
1006	L	1
1007	V	1
1008	F	1
1009	P	1
1010	L	1
1011	S	1
1012	Y	1
1013	H	1
1014	T	1
1015	W	NA
1016	N	NA
1017	G	NA
1018	I	NA
1019	R	NA
1020	H	NA
1021	L	NA
1022	V	NA
1023	W	NA
1024	D	NA
1025	M	NA
1026	G	NA
1027	K	NA
1028	G	NA
1029	F	NA
1030	K	NA
1031	L	NA
1032	S	NA
1033	Q	NA
1034	V	NA
1035	E	NA
1036	Q	NA
1037	S	NA
1038	G	NA
1039	V	NA
1040	V	NA
1041	V	NA
1042	L	NA
1043	I	NA
1044	L	NA
1045	T	NA
1046	L	NA
1047	L	NA
1048	S	NA
1049	S	NA
1050	A	NA
1051	A	NA
1052	I	NA
1053	A	NA
1054	A	NA
1055	M	NA
1056	S	NA
1057	H	NA
1058	G	NA
1059	G	NA
1060	A	NA
1061	P	NA
1062	Q	NA
1063	G	NA
1064	H	NA
1065	G	NA
1066	S	2
1067	S	2
1068	K	1
1069	A	2
1070	A	1
1071	S	2
1072	L	2
1073	H	2
1074	W	2
1075	T	2
1076	S	2
1077	E	2
1078	R	2
1079	A	2
1080	V	2
1081	S	1
1082	A	2
1083	L	1
1084	L	2
1085	L	1
1086	G	1
1087	L	1
1088	L	1
1089	P	1
1090	A	1
1091	A	1
1092	Y	2
1093	L	1
1094	Y	1
1095	P	1
1096	G	1
1097	P	1
1098	A	1
1099	V	2
1100	D	1
1101	Y	1
1102	S	1
1103	L	1
1104	A	1
1105	A	1
1106	A	1
1107	L	1
1108	T	1
1109	L	1
1110	H	2
1111	G	1
1112	H	1
1113	W	1
1114	G	2
1115	L	2
1116	G	1
1117	Q	1
1118	V	1
1119	I	1
1120	T	1
1121	D	1
1122	Y	1
1123	V	1
1124	H	1
1125	G	1
1126	D	1
1127	T	1
1128	P	1
1129	I	1
1130	K	1
1131	V	1
1132	A	1
1133	N	1
1134	T	1
1135	G	1
1136	L	1
1137	Y	1
1138	V	1
1139	L	1
1140	S	1
1141	A	1
1142	I	2
1143	T	2
1144	F	2
1145	T	2
1146	G	1
1147	L	2
1148	C	1
1149	Y	1
1150	F	2
1151	N	1
1152	Y	1
1153	Y	1
1154	D	2
1155	V	1
1156	G	1
1157	I	1
1158	C	2
1159	K	1
1160	A	1
1161	V	2
1162	A	1
1163	M	1
1164	L	1
1165	W	1
1166	S	1
1167	I	1
