1	V	1	0
2	T	1	0
3	F	1	0
4	I	1	0
5	N	1	0
6	R	1	0
7	W	1	0
8	L	1	0
9	F	1	0
10	S	1	0
11	T	1	0
12	N	1	0
13	H	1	0
14	K	1	0
15	D	1	0
16	I	1	0
17	G	1	0
18	T	1	0
19	L	1	0
20	Y	1	0
21	L	1	0
22	I	1	0
23	F	1	0
24	G	1	0
25	T	1	0
26	W	1	0
27	A	1	0
28	G	1	0
29	M	1	0
30	A	1	0
31	G	1	0
32	T	1	0
33	A	1	0
34	L	1	0
35	S	1	0
36	L	1	0
37	L	1	0
38	I	1	0
39	R	1	0
40	A	1	0
41	E	1	0
42	L	1	0
43	G	1	0
44	Q	1	0
45	P	1	0
46	G	1	0
47	T	1	0
48	L	1	0
49	L	1	0
50	G	1	0
51	D	1	0
52	D	1	0
53	Q	1	0
54	I	1	0
55	Y	1	0
56	N	1	0
57	V	1	0
58	I	1	0
59	V	1	0
60	T	1	0
61	A	1	0
62	H	1	0
63	A	1	0
64	F	1	0
65	V	1	0
66	M	1	0
67	I	1	0
68	F	1	0
69	F	1	0
70	M	1	0
71	V	1	0
72	M	1	0
73	P	1	0
74	I	1	0
75	M	1	0
76	I	1	0
77	G	1	0
78	G	1	0
79	F	1	0
80	G	1	0
81	N	1	0
82	W	1	0
83	L	1	0
84	V	1	0
85	P	1	0
86	L	1	0
87	M	1	0
88	I	1	0
89	G	1	0
90	A	1	0
91	P	1	0
92	D	1	0
93	M	1	0
94	A	1	0
95	F	1	0
96	P	1	0
97	R	1	0
98	M	1	0
99	N	1	0
100	N	1	0
101	M	1	0
102	S	1	0
103	F	1	0
104	W	1	0
105	L	1	0
106	L	1	0
107	P	1	0
108	P	1	0
109	S	1	0
110	F	1	0
111	L	1	0
112	L	1	0
113	L	1	0
114	L	1	0
115	A	1	0
116	S	1	0
117	S	1	0
118	T	1	0
119	V	1	0
120	E	1	0
121	A	1	0
122	G	1	0
123	A	1	0
124	G	1	0
125	T	1	0
126	G	1	0
127	W	1	0
128	T	1	0
129	V	1	0
130	Y	1	0
131	P	1	0
132	P	1	0
133	L	1	0
134	A	1	0
135	G	1	0
136	N	1	0
137	L	1	0
138	A	1	0
139	H	1	0
140	A	1	0
141	G	1	0
142	A	1	0
143	S	1	0
144	V	1	0
145	D	1	0
146	L	1	0
147	A	1	0
148	I	1	0
149	F	1	0
150	S	1	0
151	L	1	0
152	H	1	0
153	L	1	0
154	A	1	0
155	G	1	0
156	V	1	0
157	S	1	0
158	S	1	0
159	I	1	0
160	L	1	0
161	G	1	0
162	A	1	0
163	I	1	0
164	N	1	0
165	F	1	0
166	I	1	0
167	T	1	0
168	T	1	0
169	I	1	0
170	I	1	0
171	N	1	0
172	M	1	0
173	K	1	0
174	P	1	0
175	P	1	0
176	A	1	0
177	L	1	0
178	S	1	0
179	Q	1	0
180	Y	1	0
181	Q	1	0
182	T	1	0
183	P	1	0
184	L	1	0
185	F	1	0
186	V	1	0
187	W	1	0
188	S	1	0
189	V	1	0
190	L	1	0
191	I	1	0
192	T	1	0
193	A	1	0
194	I	1	0
195	L	1	0
196	L	1	0
197	L	1	0
198	L	1	0
199	S	1	0
200	L	1	0
201	P	1	0
202	V	1	0
203	L	1	0
204	A	1	0
205	A	1	0
206	G	1	0
207	I	1	0
208	T	1	0
209	M	1	0
210	L	1	0
211	L	1	0
212	T	1	0
213	D	1	0
214	R	1	0
215	N	1	0
216	L	1	0
217	N	1	0
218	T	1	0
219	T	1	0
220	F	1	0
221	F	1	0
222	D	1	0
223	P	1	0
224	A	1	0
225	G	1	0
226	G	1	0
227	G	1	0
228	D	1	0
229	P	1	0
230	I	1	0
231	L	1	0
232	Y	1	0
233	Q	1	0
234	H	1	0
235	L	1	0
236	F	1	0
237	W	1	0
238	F	1	0
239	F	1	0
240	G	1	0
241	H	1	0
242	P	1	0
243	E	1	0
244	V	1	0
245	Y	1	0
246	I	1	0
247	L	1	0
248	I	1	0
249	L	1	0
250	P	1	0
251	G	1	0
252	F	1	0
253	G	1	0
254	M	1	0
255	I	1	0
256	S	1	0
257	H	1	0
258	V	1	0
259	V	1	0
260	A	1	0
261	Y	1	0
262	Y	1	0
263	A	1	0
264	G	1	0
265	K	1	0
266	K	1	0
267	E	1	0
268	P	1	0
269	F	1	0
270	G	1	0
271	Y	1	0
272	M	1	0
273	G	1	0
274	M	1	0
275	V	1	0
276	W	1	0
277	A	1	0
278	M	1	0
279	L	1	0
280	S	1	0
281	I	1	0
282	G	1	0
283	F	1	0
284	L	1	0
285	G	1	0
286	F	1	0
287	I	1	0
288	V	1	0
289	W	1	0
290	A	1	0
291	H	1	0
292	H	1	0
293	M	1	0
294	F	1	0
295	T	1	0
296	V	1	0
297	G	1	0
298	M	1	0
299	D	1	0
300	V	1	0
301	D	1	0
302	T	1	0
303	R	1	0
304	A	1	0
305	Y	1	0
306	F	1	0
307	T	1	0
308	S	1	0
309	A	1	0
310	T	1	0
311	M	1	0
312	I	1	0
313	I	1	0
314	A	1	0
315	I	1	0
316	P	1	0
317	T	1	0
318	G	1	0
319	I	1	0
320	K	1	0
321	V	1	0
322	F	1	0
323	S	1	0
324	W	1	0
325	L	1	0
326	A	1	0
327	T	1	0
328	L	1	0
329	H	1	0
330	G	1	0
331	G	1	0
332	T	1	0
333	I	1	0
334	K	1	0
335	W	1	0
336	D	1	0
337	P	1	0
338	P	1	0
339	M	1	0
340	L	1	0
341	W	1	0
342	A	1	0
343	L	1	0
344	G	1	0
345	F	1	0
346	I	1	0
347	F	1	0
348	L	1	0
349	F	1	0
350	T	1	0
351	I	1	0
352	G	1	0
353	G	1	0
354	L	1	0
355	T	1	0
356	G	1	0
357	I	1	0
358	V	1	0
359	L	1	0
360	A	1	0
361	N	1	0
362	S	1	0
363	S	1	0
364	L	1	0
365	D	1	0
366	I	1	0
367	A	1	0
368	L	1	0
369	H	1	0
370	D	1	0
371	T	1	0
372	Y	1	0
373	Y	1	0
374	V	1	0
375	V	1	0
376	A	1	0
377	H	1	0
378	F	1	0
379	H	1	0
380	Y	1	0
381	V	1	0
382	L	1	0
383	S	1	0
384	M	1	0
385	G	1	0
386	A	1	0
387	V	1	0
388	F	1	0
389	A	1	0
390	I	1	0
391	L	1	0
392	A	1	0
393	G	1	0
394	F	1	0
395	T	1	0
396	H	1	0
397	W	1	0
398	F	1	0
399	P	1	0
400	L	1	0
401	F	1	0
402	T	1	0
403	G	1	0
404	F	1	0
405	T	1	0
406	L	1	0
407	H	1	0
408	P	1	0
409	S	1	0
410	W	1	0
411	T	1	0
412	K	1	0
413	A	2	0
414	H	1	0
415	F	1	0
416	G	1	0
417	V	1	0
418	M	1	0
419	F	1	0
420	T	1	0
421	G	1	0
422	V	1	0
423	N	1	0
424	L	1	0
425	T	1	0
426	F	1	0
427	F	1	0
428	P	1	0
429	Q	1	0
430	H	1	0
431	F	1	0
432	L	1	0
433	G	1	0
434	L	1	0
435	A	1	0
436	G	1	0
437	M	1	0
438	P	1	0
439	R	1	0
440	R	1	0
441	Y	1	0
442	S	1	0
443	D	1	0
444	Y	1	0
445	P	1	0
446	D	1	0
447	A	1	0
448	Y	1	0
449	T	1	0
450	L	1	0
451	W	1	0
452	N	1	0
453	T	1	0
454	L	1	0
455	S	1	0
456	S	1	0
457	I	1	0
458	G	1	0
459	S	1	0
460	L	1	0
461	I	1	0
462	S	1	0
463	M	1	0
464	T	1	0
465	A	1	0
466	V	1	0
467	I	1	0
468	M	1	0
469	L	1	0
470	M	1	0
471	F	1	0
472	I	1	0
473	V	1	0
474	W	1	0
475	E	1	0
476	A	1	0
477	F	1	0
478	S	1	0
479	A	1	0
480	K	1	0
481	R	1	0
482	K	1	0
483	V	1	0
484	L	2	0
485	Q	1	0
486	P	1	0
487	E	1	0
488	L	1	0
489	T	1	0
490	A	2	0
491	T	1	0
492	N	1	0
493	I	1	0
494	E	1	0
495	W	1	0
496	I	1	0
497	H	1	0
498	G	1	0
499	C	1	0
500	P	1	0
501	P	1	0
502	P	1	0
503	Y	1	0
504	H	1	0
505	T	1	0
506	F	1	0
507	E	1	0
508	E	1	0
509	P	1	0
510	A	1	0
511	F	1	0
512	V	1	0
513	Q	1	0
514	V	1	0
515	Q	NA	0
516	E	NA	0
517	V	1	0
518	T	1	0
519	F	1	0
520	I	1	0
521	N	1	0
522	R	1	0
523	W	1	0
524	L	1	0
525	F	1	0
526	S	1	0
527	T	1	0
528	N	1	0
529	H	1	0
530	K	1	0
531	D	1	0
532	I	1	0
533	G	1	0
534	T	1	0
535	L	1	0
536	Y	1	0
537	L	1	0
538	I	1	0
539	F	1	0
540	G	1	0
541	T	1	0
542	W	1	0
543	A	1	0
544	G	1	0
545	M	1	0
546	A	1	0
547	G	1	0
548	T	1	0
549	A	1	0
550	L	1	0
551	S	1	0
552	L	1	0
553	L	1	0
554	I	1	0
555	R	1	0
556	A	1	0
557	E	1	0
558	L	1	0
559	G	1	0
560	Q	1	0
561	P	1	0
562	G	1	0
563	T	1	0
564	L	1	0
565	L	1	0
566	G	1	0
567	D	1	0
568	D	1	0
569	Q	1	0
570	I	1	0
571	Y	1	0
572	N	1	0
573	V	1	0
574	I	1	0
575	V	1	0
576	T	1	0
577	A	1	0
578	H	1	0
579	A	1	0
580	F	1	0
581	V	1	0
582	M	1	0
583	I	1	0
584	F	1	0
585	F	1	0
586	M	1	0
587	V	1	0
588	M	1	0
589	P	1	0
590	I	1	0
591	M	1	0
592	I	1	0
593	G	1	0
594	G	1	0
595	F	1	0
596	G	1	0
597	N	1	0
598	W	1	0
599	L	1	0
600	V	1	0
601	P	1	0
602	L	1	0
603	M	1	0
604	I	1	0
605	G	1	0
606	A	1	0
607	P	1	0
608	D	1	0
609	M	1	0
610	A	1	0
611	F	1	0
612	P	1	0
613	R	1	0
614	M	1	0
615	N	1	0
616	N	1	0
617	M	1	0
618	S	1	0
619	F	1	0
620	W	1	0
621	L	1	0
622	L	1	0
623	P	1	0
624	P	1	0
625	S	1	0
626	F	1	0
627	L	1	0
628	L	1	0
629	L	1	0
630	L	1	0
631	A	1	0
632	S	1	0
633	S	1	0
634	T	1	0
635	V	1	0
636	E	1	0
637	A	1	0
638	G	1	0
639	A	1	0
640	G	1	0
641	T	1	0
642	G	1	0
643	W	1	0
644	T	1	0
645	V	1	0
646	Y	1	0
647	P	1	0
648	P	1	0
649	L	1	0
650	A	1	0
651	G	1	0
652	N	1	0
653	L	1	0
654	A	1	0
655	H	1	0
656	A	1	0
657	G	1	0
658	A	1	0
659	S	1	0
660	V	1	0
661	D	1	0
662	L	1	0
663	A	1	0
664	I	1	0
665	F	1	0
666	S	1	0
667	L	1	0
668	H	1	0
669	L	1	0
670	A	1	0
671	G	1	0
672	V	1	0
673	S	1	0
674	S	1	0
675	I	1	0
676	L	1	0
677	G	1	0
678	A	1	0
679	I	1	0
680	N	1	0
681	F	1	0
682	I	1	0
683	T	1	0
684	T	1	0
685	I	1	0
686	I	1	0
687	N	1	0
688	M	1	0
689	K	1	0
690	P	1	0
691	P	1	0
692	A	1	0
693	L	1	0
694	S	1	0
695	Q	1	0
696	Y	1	0
697	Q	1	0
698	T	1	0
699	P	1	0
700	L	1	0
701	F	1	0
702	V	1	0
703	W	1	0
704	S	1	0
705	V	1	0
706	L	1	0
707	I	1	0
708	T	1	0
709	A	1	0
710	I	1	0
711	L	1	0
712	L	1	0
713	L	1	0
714	L	1	0
715	S	1	0
716	L	1	0
717	P	1	0
718	V	1	0
719	L	1	0
720	A	1	0
721	A	1	0
722	G	1	0
723	I	1	0
724	T	1	0
725	M	1	0
726	L	1	0
727	L	1	0
728	T	1	0
729	D	1	0
730	R	1	0
731	N	1	0
732	L	1	0
733	N	1	0
734	T	1	0
735	T	1	0
736	F	1	0
737	F	1	0
738	D	1	0
739	P	1	0
740	A	1	0
741	G	1	0
742	G	1	0
743	G	1	0
744	D	1	0
745	P	1	0
746	I	1	0
747	L	1	0
748	Y	1	0
749	Q	1	0
750	H	1	0
751	L	1	0
752	F	1	0
753	W	1	0
754	F	1	0
755	F	1	0
756	G	1	0
757	H	1	0
758	P	1	0
759	E	1	0
760	V	1	0
761	Y	1	0
762	I	1	0
763	L	1	0
764	I	1	0
765	L	1	0
766	P	1	0
767	G	1	0
768	F	1	0
769	G	1	0
770	M	1	0
771	I	1	0
772	S	1	0
773	H	1	0
774	V	1	0
775	V	1	0
776	A	1	0
777	Y	1	0
778	Y	1	0
779	A	1	0
780	G	1	0
781	K	1	0
782	K	1	0
783	E	1	0
784	P	1	0
785	F	1	0
786	G	1	0
787	Y	1	0
788	M	1	0
789	G	1	0
790	M	1	0
791	V	1	0
792	W	1	0
793	A	1	0
794	M	1	0
795	L	1	0
796	S	1	0
797	I	1	0
798	G	1	0
799	F	1	0
800	L	1	0
801	G	1	0
802	F	1	0
803	I	1	0
804	V	1	0
805	W	1	0
806	A	1	0
807	H	1	0
808	H	1	0
809	M	1	0
810	F	1	0
811	T	1	0
812	V	1	0
813	G	1	0
814	M	1	0
815	D	1	0
816	V	1	0
817	D	1	0
818	T	1	0
819	R	1	0
820	A	1	0
821	Y	1	0
822	F	1	0
823	T	1	0
824	S	1	0
825	A	1	0
826	T	1	0
827	M	1	0
828	I	1	0
829	I	1	0
830	A	1	0
831	I	1	0
832	P	1	0
833	T	1	0
834	G	1	0
835	I	1	0
836	K	1	0
837	V	1	0
838	F	1	0
839	S	1	0
840	W	1	0
841	L	1	0
842	A	1	0
843	T	1	0
844	L	1	0
845	H	1	0
846	G	1	0
847	G	1	0
848	T	1	0
849	I	1	0
850	K	1	0
851	W	1	0
852	D	1	0
853	P	1	0
854	P	1	0
855	M	1	0
856	L	1	0
857	W	1	0
858	A	1	0
859	L	1	0
860	G	1	0
861	F	1	0
862	I	1	0
863	F	1	0
864	L	1	0
865	F	1	0
866	T	1	0
867	I	1	0
868	G	1	0
869	G	1	0
870	L	1	0
871	T	1	0
872	G	1	0
873	I	1	0
874	V	1	0
875	L	1	0
876	A	1	0
877	N	1	0
878	S	1	0
879	S	1	0
880	L	1	0
881	D	1	0
882	I	1	0
883	A	1	0
884	L	1	0
885	H	1	0
886	D	1	0
887	T	1	0
888	Y	1	0
889	Y	1	0
890	V	1	0
891	V	1	0
892	A	1	0
893	H	1	0
894	F	1	0
895	H	1	0
896	Y	1	0
897	V	1	0
898	L	1	0
899	S	1	0
900	M	1	0
901	G	1	0
902	A	1	0
903	V	1	0
904	F	1	0
905	A	1	0
906	I	1	0
907	L	1	0
908	A	1	0
909	G	1	0
910	F	1	0
911	T	1	0
912	H	1	0
913	W	1	0
914	F	1	0
915	P	1	0
916	L	1	0
917	F	1	0
918	T	1	0
919	G	1	0
920	F	1	0
921	T	1	0
922	L	1	0
923	H	1	0
924	P	1	0
925	S	1	0
926	W	1	0
927	T	1	0
928	K	1	0
929	A	2	0
930	H	1	0
931	F	1	0
932	G	1	0
933	V	1	0
934	M	1	0
935	F	1	0
936	T	1	0
937	G	1	0
938	V	1	0
939	N	1	0
940	L	1	0
941	T	1	0
942	F	1	0
943	F	1	0
944	P	1	0
945	Q	1	0
946	H	1	0
947	F	1	0
948	L	1	0
949	G	1	0
950	L	1	0
951	A	1	0
952	G	1	0
953	M	1	0
954	P	1	0
955	R	1	0
956	R	1	0
957	Y	1	0
958	S	1	0
959	D	1	0
960	Y	1	0
961	P	1	0
962	D	1	0
963	A	1	0
964	Y	1	0
965	T	1	0
966	L	1	0
967	W	1	0
968	N	1	0
969	T	1	0
970	L	1	0
971	S	1	0
972	S	1	0
973	I	1	0
974	G	1	0
975	S	1	0
976	L	1	0
977	I	1	0
978	S	1	0
979	M	1	0
980	T	1	0
981	A	1	0
982	V	1	0
983	I	1	0
984	M	1	0
985	L	1	0
986	M	1	0
987	F	1	0
988	I	1	0
989	V	1	0
990	W	1	0
991	E	1	0
992	A	1	0
993	F	1	0
994	S	1	0
995	A	1	0
996	K	1	0
997	R	1	0
998	K	1	0
999	V	1	0
1000	L	2	0
1001	Q	1	0
1002	P	1	0
1003	E	1	0
1004	L	1	0
1005	T	1	0
1006	A	2	0
1007	T	1	0
1008	N	1	0
1009	I	1	0
1010	E	1	0
1011	W	1	0
1012	I	1	0
1013	H	1	0
1014	G	1	0
1015	C	1	0
1016	P	1	0
1017	P	1	0
1018	P	1	0
1019	Y	1	0
1020	H	1	0
1021	T	1	0
1022	F	1	0
1023	E	1	0
1024	E	1	0
1025	P	1	0
1026	A	1	0
1027	F	1	0
1028	V	1	0
1029	Q	1	0
1030	V	1	0
1031	Q	NA	0
1032	E	NA	0
1033	M	1	0
1034	A	1	0
1035	N	1	0
1036	H	1	0
1037	S	1	0
1038	Q	1	0
1039	L	1	0
1040	G	1	0
1041	F	1	0
1042	Q	1	0
1043	D	1	0
1044	A	1	0
1045	S	1	0
1046	S	1	0
1047	P	1	0
1048	I	1	0
1049	M	1	0
1050	E	1	0
1051	E	1	0
1052	L	1	0
1053	V	1	0
1054	E	1	0
1055	F	1	0
1056	H	1	0
1057	D	1	0
1058	H	1	0
1059	A	1	0
1060	L	1	0
1061	M	1	0
1062	V	1	0
1063	A	1	0
1064	L	1	0
1065	A	1	0
1066	I	1	0
1067	C	1	0
1068	S	1	0
1069	L	1	0
1070	V	1	0
1071	L	1	0
1072	Y	1	0
1073	L	1	0
1074	L	1	0
1075	T	1	0
1076	L	1	0
1077	M	1	0
1078	L	1	0
1079	M	1	0
1080	E	1	0
1081	K	1	0
1082	L	1	0
1083	S	1	0
1084	S	1	0
1085	N	1	0
1086	T	1	0
1087	V	1	0
1088	D	1	0
1089	A	1	0
1090	Q	1	0
1091	E	1	0
1092	V	1	0
1093	E	1	0
1094	L	1	0
1095	I	1	0
1096	W	1	0
1097	T	1	0
1098	I	1	0
1099	L	1	0
1100	P	1	0
1101	A	1	0
1102	I	1	0
1103	V	1	0
1104	L	1	0
1105	V	1	0
1106	L	1	0
1107	L	1	0
1108	A	1	0
1109	L	1	0
1110	P	1	0
1111	S	1	0
1112	L	1	0
1113	Q	1	0
1114	I	1	0
1115	L	1	0
1116	Y	1	0
1117	M	1	0
1118	M	1	0
1119	D	1	0
1120	E	1	0
1121	I	1	0
1122	D	1	0
1123	E	1	0
1124	P	1	0
1125	D	1	0
1126	L	1	0
1127	T	1	0
1128	L	1	0
1129	K	1	0
1130	A	1	0
1131	I	1	0
1132	G	1	0
1133	H	1	0
1134	Q	1	0
1135	W	1	0
1136	Y	1	0
1137	W	1	0
1138	T	1	0
1139	Y	1	0
1140	E	1	0
1141	Y	1	0
1142	T	1	0
1143	D	1	0
1144	F	1	0
1145	K	1	0
1146	D	1	0
1147	L	1	0
1148	S	1	0
1149	F	1	0
1150	D	1	0
1151	S	1	0
1152	Y	1	0
1153	M	1	0
1154	T	2	0
1155	P	1	0
1156	T	1	0
1157	T	1	0
1158	D	1	0
1159	L	1	0
1160	P	1	0
1161	L	2	0
1162	G	1	0
1163	H	1	0
1164	F	1	0
1165	R	1	0
1166	L	1	0
1167	L	1	0
1168	E	1	0
1169	V	1	0
1170	D	1	0
1171	H	1	0
1172	R	1	0
1173	I	1	0
1174	V	1	0
1175	I	1	0
1176	P	1	0
1177	M	1	0
1178	E	1	0
1179	S	1	0
1180	P	1	0
1181	I	1	0
1182	R	1	0
1183	V	1	0
1184	I	1	0
1185	I	1	0
1186	T	1	0
1187	A	1	0
1188	D	1	0
1189	D	1	0
1190	V	1	0
1191	L	1	0
1192	H	1	0
1193	S	1	0
1194	W	1	0
1195	A	1	0
1196	V	1	0
1197	P	1	0
1198	A	1	0
1199	L	1	0
1200	G	1	0
1201	V	1	0
1202	K	1	0
1203	T	1	0
1204	D	1	0
1205	A	1	0
1206	I	1	0
1207	P	1	0
1208	G	1	0
1209	R	1	0
1210	L	1	0
1211	N	1	0
1212	Q	1	0
1213	T	1	0
1214	S	1	0
1215	F	1	0
1216	I	1	0
1217	T	1	0
1218	T	1	0
1219	R	1	0
1220	P	1	0
1221	G	1	0
1222	V	1	0
1223	F	1	0
1224	Y	1	0
1225	G	1	0
1226	Q	1	0
1227	C	1	0
1228	S	1	0
1229	E	1	0
1230	I	1	0
1231	C	1	0
1232	G	1	0
1233	A	1	0
1234	N	1	0
1235	H	1	0
1236	S	1	0
1237	Y	1	0
1238	M	1	0
1239	P	1	0
1240	I	1	0
1241	V	1	0
1242	V	1	0
1243	E	1	0
1244	S	1	0
1245	T	1	0
1246	P	1	0
1247	L	1	0
1248	K	2	0
1249	H	1	0
1250	F	1	0
1251	E	1	0
1252	A	2	0
1253	W	1	0
1254	S	1	0
1255	S	1	0
1256	L	1	0
1257	L	2	0
1258	S	1	0
1259	S	1	0
1260	M	1	0
1261	A	1	0
1262	N	1	0
1263	H	1	0
1264	S	1	0
1265	Q	1	0
1266	L	1	0
1267	G	1	0
1268	F	1	0
1269	Q	1	0
1270	D	1	0
1271	A	1	0
1272	S	1	0
1273	S	1	0
1274	P	1	0
1275	I	1	0
1276	M	1	0
1277	E	1	0
1278	E	1	0
1279	L	1	0
1280	V	1	0
1281	E	1	0
1282	F	1	0
1283	H	1	0
1284	D	1	0
1285	H	1	0
1286	A	1	0
1287	L	1	0
1288	M	1	0
1289	V	1	0
1290	A	1	0
1291	L	1	0
1292	A	1	0
1293	I	1	0
1294	C	1	0
1295	S	1	0
1296	L	1	0
1297	V	1	0
1298	L	1	0
1299	Y	1	0
1300	L	1	0
1301	L	1	0
1302	T	1	0
1303	L	1	0
1304	M	1	0
1305	L	1	0
1306	M	1	0
1307	E	1	0
1308	K	1	0
1309	L	1	0
1310	S	1	0
1311	S	1	0
1312	N	1	0
1313	T	1	0
1314	V	1	0
1315	D	1	0
1316	A	1	0
1317	Q	1	0
1318	E	1	0
1319	V	1	0
1320	E	1	0
1321	L	1	0
1322	I	1	0
1323	W	1	0
1324	T	1	0
1325	I	1	0
1326	L	1	0
1327	P	1	0
1328	A	1	0
1329	I	1	0
1330	V	1	0
1331	L	1	0
1332	V	1	0
1333	L	1	0
1334	L	1	0
1335	A	1	0
1336	L	1	0
1337	P	1	0
1338	S	1	0
1339	L	1	0
1340	Q	1	0
1341	I	1	0
1342	L	1	0
1343	Y	1	0
1344	M	1	0
1345	M	1	0
1346	D	1	0
1347	E	1	0
1348	I	1	0
1349	D	1	0
1350	E	1	0
1351	P	1	0
1352	D	1	0
1353	L	1	0
1354	T	1	0
1355	L	1	0
1356	K	1	0
1357	A	1	0
1358	I	1	0
1359	G	1	0
1360	H	1	0
1361	Q	1	0
1362	W	1	0
1363	Y	1	0
1364	W	1	0
1365	T	1	0
1366	Y	1	0
1367	E	1	0
1368	Y	1	0
1369	T	1	0
1370	D	1	0
1371	F	1	0
1372	K	1	0
1373	D	1	0
1374	L	1	0
1375	S	1	0
1376	F	1	0
1377	D	1	0
1378	S	1	0
1379	Y	1	0
1380	M	1	0
1381	T	2	0
1382	P	1	0
1383	T	1	0
1384	T	1	0
1385	D	1	0
1386	L	1	0
1387	P	1	0
1388	L	2	0
1389	G	1	0
1390	H	1	0
1391	F	1	0
1392	R	1	0
1393	L	1	0
1394	L	1	0
1395	E	1	0
1396	V	1	0
1397	D	1	0
1398	H	1	0
1399	R	1	0
1400	I	1	0
1401	V	1	0
1402	I	1	0
1403	P	1	0
1404	M	1	0
1405	E	1	0
1406	S	1	0
1407	P	1	0
1408	I	1	0
1409	R	1	0
1410	V	1	0
1411	I	1	0
1412	I	1	0
1413	T	1	0
1414	A	1	0
1415	D	1	0
1416	D	1	0
1417	V	1	0
1418	L	1	0
1419	H	1	0
1420	S	1	0
1421	W	1	0
1422	A	1	0
1423	V	1	0
1424	P	1	0
1425	A	1	0
1426	L	1	0
1427	G	1	0
1428	V	1	0
1429	K	1	0
1430	T	1	0
1431	D	1	0
1432	A	1	0
1433	I	1	0
1434	P	1	0
1435	G	1	0
1436	R	1	0
1437	L	1	0
1438	N	1	0
1439	Q	1	0
1440	T	1	0
1441	S	1	0
1442	F	1	0
1443	I	1	0
1444	T	1	0
1445	T	1	0
1446	R	1	0
1447	P	1	0
1448	G	1	0
1449	V	1	0
1450	F	1	0
1451	Y	1	0
1452	G	1	0
1453	Q	1	0
1454	C	1	0
1455	S	1	0
1456	E	1	0
1457	I	1	0
1458	C	1	0
1459	G	1	0
1460	A	1	0
1461	N	1	0
1462	H	1	0
1463	S	1	0
1464	Y	1	0
1465	M	1	0
1466	P	1	0
1467	I	1	0
1468	V	1	0
1469	V	1	0
1470	E	1	0
1471	S	1	0
1472	T	1	0
1473	P	1	0
1474	L	1	0
1475	K	2	0
1476	H	1	0
1477	F	1	0
1478	E	1	0
1479	A	2	0
1480	W	1	0
1481	S	1	0
1482	S	1	0
1483	L	1	0
1484	L	2	0
1485	S	1	0
1486	S	1	0
1487	M	1	0
1488	A	1	0
1489	H	1	0
1490	Q	1	0
1491	A	1	0
1492	H	1	0
1493	S	1	0
1494	Y	1	0
1495	H	1	0
1496	M	1	0
1497	V	1	0
1498	D	1	0
1499	P	1	0
1500	S	1	0
1501	P	1	0
1502	W	1	0
1503	P	1	0
1504	I	1	0
1505	F	2	0
1506	G	1	0
1507	A	1	0
1508	A	2	0
1509	A	1	0
1510	A	1	0
1511	L	1	0
1512	L	1	0
1513	T	1	0
1514	T	1	0
1515	S	1	0
1516	G	1	0
1517	L	1	0
1518	I	1	0
1519	M	1	0
1520	W	1	0
1521	F	1	0
1522	H	1	0
1523	Y	1	0
1524	S	1	0
1525	S	1	0
1526	T	1	0
1527	T	2	0
1528	L	1	0
1529	L	1	0
1530	T	2	0
1531	M	2	0
1532	G	1	0
1533	L	1	0
1534	L	2	0
1535	S	1	0
1536	M	1	0
1537	L	2	0
1538	L	1	0
1539	V	1	0
1540	M	1	0
1541	L	2	0
1542	Q	1	0
1543	W	1	0
1544	W	1	0
1545	R	1	0
1546	D	1	0
1547	V	1	0
1548	V	1	0
1549	R	1	0
1550	E	1	0
1551	S	1	0
1552	T	1	0
1553	F	1	0
1554	Q	1	0
1555	G	1	0
1556	H	1	0
1557	H	1	0
1558	T	1	0
1559	P	1	0
1560	T	1	0
1561	V	1	0
1562	Q	1	0
1563	K	1	0
1564	G	1	0
1565	L	1	0
1566	R	1	0
1567	Y	1	0
1568	G	1	0
1569	M	1	0
1570	I	1	0
1571	L	1	0
1572	F	1	0
1573	I	1	0
1574	T	1	0
1575	S	1	0
1576	E	1	0
1577	A	1	0
1578	F	1	0
1579	F	1	0
1580	F	1	0
1581	L	1	0
1582	G	1	0
1583	F	1	0
1584	F	1	0
1585	W	1	0
1586	A	1	0
1587	F	1	0
1588	F	1	0
1589	H	1	0
1590	S	1	0
1591	S	1	0
1592	L	1	0
1593	A	1	0
1594	P	1	0
1595	T	1	0
1596	P	1	0
1597	E	1	0
1598	L	1	0
1599	G	1	0
1600	G	1	0
1601	Q	1	0
1602	W	1	0
1603	P	1	0
1604	P	1	0
1605	T	1	0
1606	G	1	0
1607	V	1	0
1608	K	1	0
1609	P	1	0
1610	L	1	0
1611	N	1	0
1612	P	1	0
1613	L	1	0
1614	E	1	0
1615	V	1	0
1616	P	1	0
1617	L	1	0
1618	L	1	0
1619	N	1	0
1620	T	1	0
1621	A	1	0
1622	I	1	0
1623	L	1	0
1624	L	1	0
1625	A	1	0
1626	S	1	0
1627	G	1	0
1628	V	1	0
1629	T	1	0
1630	V	1	0
1631	T	1	0
1632	W	1	0
1633	A	1	0
1634	H	1	0
1635	H	1	0
1636	S	1	0
1637	I	1	0
1638	T	1	0
1639	E	1	0
1640	G	2	0
1641	N	1	0
1642	R	1	0
1643	K	1	0
1644	Q	1	0
1645	A	1	0
1646	I	1	0
1647	H	2	0
1648	A	1	0
1649	L	1	0
1650	T	2	0
1651	L	1	0
1652	T	1	0
1653	I	1	0
1654	L	1	0
1655	L	1	0
1656	G	1	0
1657	F	1	0
1658	Y	1	0
1659	F	1	0
1660	T	1	0
1661	A	2	0
1662	L	1	0
1663	Q	1	0
1664	A	1	0
1665	M	1	0
1666	E	1	0
1667	Y	1	0
1668	H	1	0
1669	E	1	0
1670	A	1	0
1671	S	1	0
1672	F	1	0
1673	S	1	0
1674	I	1	0
1675	A	1	0
1676	D	1	0
1677	S	1	0
1678	V	1	0
1679	Y	1	0
1680	G	1	0
1681	S	1	0
1682	T	1	0
1683	F	1	0
1684	F	1	0
1685	V	1	0
1686	A	1	0
1687	T	1	0
1688	G	1	0
1689	F	1	0
1690	H	1	0
1691	G	1	0
1692	L	1	0
1693	H	1	0
1694	V	1	0
1695	I	1	0
1696	I	1	0
1697	G	1	0
1698	S	1	0
1699	S	1	0
1700	F	1	0
1701	L	1	0
1702	T	2	0
1703	V	1	0
1704	C	1	0
1705	L	1	0
1706	L	1	0
1707	R	1	0
1708	L	1	0
1709	I	1	0
1710	K	1	0
1711	F	1	0
1712	H	1	0
1713	F	1	0
1714	T	1	0
1715	P	1	0
1716	N	1	0
1717	H	1	0
1718	H	1	0
1719	F	1	0
1720	G	1	0
1721	F	1	0
1722	E	1	0
1723	A	1	0
1724	A	1	0
1725	A	1	0
1726	W	1	0
1727	Y	1	0
1728	W	1	0
1729	H	1	0
1730	F	1	0
1731	V	1	0
1732	D	1	0
1733	I	1	0
1734	I	1	0
1735	W	1	0
1736	L	1	0
1737	F	1	0
1738	L	1	0
1739	Y	1	0
1740	M	1	0
1741	S	1	0
1742	M	1	0
1743	Y	1	0
1744	W	1	0
1745	W	1	0
1746	G	1	0
1747	S	1	0
1748	M	1	0
1749	A	1	0
1750	H	1	0
1751	Q	1	0
1752	A	1	0
1753	H	1	0
1754	S	1	0
1755	Y	1	0
1756	H	1	0
1757	M	1	0
1758	V	1	0
1759	D	1	0
1760	P	1	0
1761	S	1	0
1762	P	1	0
1763	W	1	0
1764	P	1	0
1765	I	1	0
1766	F	2	0
1767	G	1	0
1768	A	1	0
1769	A	2	0
1770	A	1	0
1771	A	1	0
1772	L	1	0
1773	L	1	0
1774	T	1	0
1775	T	1	0
1776	S	1	0
1777	G	1	0
1778	L	1	0
1779	I	1	0
1780	M	1	0
1781	W	1	0
1782	F	1	0
1783	H	1	0
1784	Y	1	0
1785	S	1	0
1786	S	1	0
1787	T	1	0
1788	T	2	0
1789	L	1	0
1790	L	1	0
1791	T	2	0
1792	M	2	0
1793	G	1	0
1794	L	1	0
1795	L	2	0
1796	S	1	0
1797	M	1	0
1798	L	2	0
1799	L	1	0
1800	V	1	0
1801	M	1	0
1802	L	2	0
1803	Q	1	0
1804	W	1	0
1805	W	1	0
1806	R	1	0
1807	D	1	0
1808	V	1	0
1809	V	1	0
1810	R	1	0
1811	E	1	0
1812	S	1	0
1813	T	1	0
1814	F	1	0
1815	Q	1	0
1816	G	1	0
1817	H	1	0
1818	H	1	0
1819	T	1	0
1820	P	1	0
1821	T	1	0
1822	V	1	0
1823	Q	1	0
1824	K	1	0
1825	G	1	0
1826	L	1	0
1827	R	1	0
1828	Y	1	0
1829	G	1	0
1830	M	1	0
1831	I	1	0
1832	L	1	0
1833	F	1	0
1834	I	1	0
1835	T	1	0
1836	S	1	0
1837	E	1	0
1838	A	1	0
1839	F	1	0
1840	F	1	0
1841	F	1	0
1842	L	1	0
1843	G	1	0
1844	F	1	0
1845	F	1	0
1846	W	1	0
1847	A	1	0
1848	F	1	0
1849	F	1	0
1850	H	1	0
1851	S	1	0
1852	S	1	0
1853	L	1	0
1854	A	1	0
1855	P	1	0
1856	T	1	0
1857	P	1	0
1858	E	1	0
1859	L	1	0
1860	G	1	0
1861	G	1	0
1862	Q	1	0
1863	W	1	0
1864	P	1	0
1865	P	1	0
1866	T	1	0
1867	G	1	0
1868	V	1	0
1869	K	1	0
1870	P	1	0
1871	L	1	0
1872	N	1	0
1873	P	1	0
1874	L	1	0
1875	E	1	0
1876	V	1	0
1877	P	1	0
1878	L	1	0
1879	L	1	0
1880	N	1	0
1881	T	1	0
1882	A	1	0
1883	I	1	0
1884	L	1	0
1885	L	1	0
1886	A	1	0
1887	S	1	0
1888	G	1	0
1889	V	1	0
1890	T	1	0
1891	V	1	0
1892	T	1	0
1893	W	1	0
1894	A	1	0
1895	H	1	0
1896	H	1	0
1897	S	1	0
1898	I	1	0
1899	T	1	0
1900	E	1	0
1901	G	2	0
1902	N	1	0
1903	R	1	0
1904	K	1	0
1905	Q	1	0
1906	A	1	0
1907	I	1	0
1908	H	2	0
1909	A	1	0
1910	L	1	0
1911	T	2	0
1912	L	1	0
1913	T	1	0
1914	I	1	0
1915	L	1	0
1916	L	1	0
1917	G	1	0
1918	F	1	0
1919	Y	1	0
1920	F	1	0
1921	T	1	0
1922	A	2	0
1923	L	1	0
1924	Q	1	0
1925	A	1	0
1926	M	1	0
1927	E	1	0
1928	Y	1	0
1929	H	1	0
1930	E	1	0
1931	A	1	0
1932	S	1	0
1933	F	1	0
1934	S	1	0
1935	I	1	0
1936	A	1	0
1937	D	1	0
1938	S	1	0
1939	V	1	0
1940	Y	1	0
1941	G	1	0
1942	S	1	0
1943	T	1	0
1944	F	1	0
1945	F	1	0
1946	V	1	0
1947	A	1	0
1948	T	1	0
1949	G	1	0
1950	F	1	0
1951	H	1	0
1952	G	1	0
1953	L	1	0
1954	H	1	0
1955	V	1	0
1956	I	1	0
1957	I	1	0
1958	G	1	0
1959	S	1	0
1960	S	1	0
1961	F	1	0
1962	L	1	0
1963	T	2	0
1964	V	1	0
1965	C	1	0
1966	L	1	0
1967	L	1	0
1968	R	1	0
1969	L	1	0
1970	I	1	0
1971	K	1	0
1972	F	1	0
1973	H	1	0
1974	F	1	0
1975	T	1	0
1976	P	1	0
1977	N	1	0
1978	H	1	0
1979	H	1	0
1980	F	1	0
1981	G	1	0
1982	F	1	0
1983	E	1	0
1984	A	1	0
1985	A	1	0
1986	A	1	0
1987	W	1	0
1988	Y	1	0
1989	W	1	0
1990	H	1	0
1991	F	1	0
1992	V	1	0
1993	D	1	0
1994	I	1	0
1995	I	1	0
1996	W	1	0
1997	L	1	0
1998	F	1	0
1999	L	1	0
2000	Y	1	0
2001	M	1	0
2002	S	1	0
2003	M	1	0
2004	Y	1	0
2005	W	1	0
2006	W	1	0
2007	G	1	0
2008	S	1	0
2009	A	NA	0
2010	H	NA	0
2011	G	NA	0
2012	H	NA	0
2013	A	NA	0
2014	G	NA	0
2015	V	1	0
2016	V	1	0
2017	K	1	0
2018	A	1	0
2019	D	1	0
2020	D	2	0
2021	F	1	0
2022	S	1	1
2023	H	1	1
2024	P	2	0
2025	A	1	0
2026	Y	1	0
2027	V	1	0
2028	D	1	0
2029	R	2	0
2030	R	1	1
2031	D	1	1
2032	V	1	1
2033	P	1	1
2034	L	1	1
2035	P	1	0
2036	E	1	1
2037	V	1	0
2038	A	1	0
2039	F	1	0
2040	V	1	0
2041	K	1	0
2042	E	1	0
2043	L	1	0
2044	S	1	0
2045	A	2	0
2046	Q	1	0
2047	Q	2	0
2048	K	1	0
2049	A	1	0
2050	L	1	0
2051	K	1	0
2052	E	1	0
2053	K	1	0
2054	E	1	1
2055	K	1	1
2056	A	1	0
2057	S	1	1
2058	W	1	1
2059	T	1	1
2060	A	1	0
2061	L	1	1
2062	S	1	0
2063	V	1	1
2064	D	1	0
2065	E	1	0
2066	K	1	1
2067	V	1	1
2068	E	1	0
2069	L	1	1
2070	Y	1	1
2071	R	1	0
2072	I	1	1
2073	K	1	1
2074	F	1	1
2075	N	1	0
2076	E	1	0
2077	S	1	1
2078	Y	1	1
2079	A	1	1
2080	E	1	1
2081	M	1	0
2082	N	1	1
2083	K	2	1
2084	G	2	0
2085	T	1	1
2086	N	1	1
2087	E	1	1
2088	W	1	0
2089	K	1	1
2090	T	1	1
2091	V	1	0
2092	L	2	1
2093	G	1	1
2094	G	1	1
2095	V	1	0
2096	L	1	1
2097	F	2	1
2098	F	1	0
2099	L	1	1
2100	G	1	1
2101	V	1	0
2102	S	1	0
2103	G	2	1
2104	L	1	1
2105	I	1	1
2106	L	1	1
2107	I	1	1
2108	W	1	1
2109	Q	1	1
2110	K	1	1
2111	M	2	0
2112	Y	2	1
2113	M	1	1
2114	Y	1	0
2115	G	1	0
2116	P	2	0
2117	I	1	1
2118	P	1	0
2119	H	1	0
2120	T	1	0
2121	F	2	1
2122	S	1	0
2123	D	1	1
2124	E	2	1
2125	W	1	0
2126	L	1	1
2127	S	1	1
2128	M	1	1
2129	Q	1	1
2130	T	1	1
2131	K	1	1
2132	R	1	1
2133	M	1	0
2134	L	1	1
2135	D	1	1
2136	M	1	1
2137	R	2	1
2138	I	1	0
2139	N	1	0
2140	P	1	1
2141	V	1	1
2142	E	1	1
2143	G	2	0
2144	I	1	1
2145	S	1	0
2146	A	2	0
2147	Q	2	1
2148	W	2	0
2149	D	1	0
2150	Y	1	0
2151	E	1	0
2152	K	1	0
2153	N	1	0
2154	E	1	0
2155	W	1	1
2156	K	1	0
2157	K	1	0
2158	A	NA	0
2159	H	NA	0
2160	G	NA	0
2161	H	NA	0
2162	A	NA	0
2163	G	NA	0
2164	V	1	0
2165	V	1	0
2166	K	1	0
2167	A	1	0
2168	D	1	0
2169	D	2	0
2170	F	1	0
2171	S	1	1
2172	H	1	1
2173	P	2	0
2174	A	1	0
2175	Y	1	0
2176	V	1	0
2177	D	1	0
2178	R	2	0
2179	R	1	1
2180	D	1	1
2181	V	1	1
2182	P	1	1
2183	L	1	1
2184	P	1	0
2185	E	1	1
2186	V	1	0
2187	A	1	0
2188	F	1	0
2189	V	1	0
2190	K	1	0
2191	E	1	0
2192	L	1	0
2193	S	1	0
2194	A	2	0
2195	Q	1	0
2196	Q	2	0
2197	K	1	0
2198	A	1	0
2199	L	1	0
2200	K	1	0
2201	E	1	0
2202	K	1	0
2203	E	1	1
2204	K	1	1
2205	A	1	0
2206	S	1	1
2207	W	1	1
2208	T	1	1
2209	A	1	0
2210	L	1	1
2211	S	1	0
2212	V	1	1
2213	D	1	0
2214	E	1	0
2215	K	1	1
2216	V	1	1
2217	E	1	0
2218	L	1	1
2219	Y	1	1
2220	R	1	0
2221	I	1	1
2222	K	1	1
2223	F	1	1
2224	N	1	0
2225	E	1	0
2226	S	1	1
2227	Y	1	1
2228	A	1	1
2229	E	1	1
2230	M	1	0
2231	N	1	1
2232	K	2	1
2233	G	2	0
2234	T	1	1
2235	N	1	1
2236	E	1	1
2237	W	1	0
2238	K	1	1
2239	T	1	1
2240	V	1	0
2241	L	2	1
2242	G	1	1
2243	G	1	1
2244	V	1	0
2245	L	1	1
2246	F	2	1
2247	F	1	0
2248	L	1	1
2249	G	1	1
2250	V	1	0
2251	S	1	0
2252	G	2	1
2253	L	1	1
2254	I	1	1
2255	L	1	1
2256	I	1	1
2257	W	1	1
2258	Q	1	1
2259	K	1	1
2260	M	2	0
2261	Y	2	1
2262	M	1	1
2263	Y	1	0
2264	G	1	0
2265	P	2	0
2266	I	1	1
2267	P	1	0
2268	H	1	0
2269	T	1	0
2270	F	2	1
2271	S	1	0
2272	D	1	1
2273	E	2	1
2274	W	1	0
2275	L	1	1
2276	S	1	1
2277	M	1	1
2278	Q	1	1
2279	T	1	1
2280	K	1	1
2281	R	1	1
2282	M	1	0
2283	L	1	1
2284	D	1	1
2285	M	1	1
2286	R	2	1
2287	I	1	0
2288	N	1	0
2289	P	1	1
2290	V	1	1
2291	E	1	1
2292	G	2	0
2293	I	1	1
2294	S	1	0
2295	A	2	0
2296	Q	2	1
2297	W	2	0
2298	D	1	0
2299	Y	1	0
2300	E	1	0
2301	K	1	0
2302	N	1	0
2303	E	1	0
2304	W	1	1
2305	K	1	0
2306	K	1	0
2307	S	NA	0
2308	H	NA	0
2309	G	1	0
2310	S	1	0
2311	Q	1	0
2312	E	1	0
2313	S	1	0
2314	D	1	1
2315	E	1	0
2316	E	1	0
2317	F	1	0
2318	D	1	0
2319	A	1	0
2320	R	1	0
2321	W	1	0
2322	V	1	0
2323	T	1	0
2324	Y	1	0
2325	F	1	0
2326	N	1	0
2327	K	1	0
2328	P	1	0
2329	D	1	0
2330	I	1	0
2331	D	1	0
2332	A	1	0
2333	W	1	1
2334	E	1	0
2335	L	1	1
2336	R	1	1
2337	K	1	1
2338	G	1	0
2339	V	1	1
2340	N	1	1
2341	T	1	0
2342	L	1	0
2343	V	1	1
2344	G	1	1
2345	Y	1	0
2346	D	1	1
2347	L	1	1
2348	V	1	1
2349	P	1	0
2350	E	1	1
2351	P	1	0
2352	K	1	0
2353	I	1	0
2354	I	1	0
2355	D	1	0
2356	A	1	0
2357	A	1	0
2358	L	1	0
2359	R	1	0
2360	A	1	0
2361	C	1	0
2362	R	1	0
2363	R	1	0
2364	L	1	0
2365	N	1	1
2366	D	1	1
2367	F	1	1
2368	A	1	1
2369	S	1	1
2370	A	1	0
2371	V	1	1
2372	R	1	1
2373	I	1	1
2374	L	1	0
2375	E	1	1
2376	V	1	1
2377	V	1	0
2378	K	1	1
2379	D	1	1
2380	K	1	0
2381	A	1	0
2382	G	1	0
2383	P	1	0
2384	H	1	1
2385	K	1	0
2386	E	1	1
2387	I	1	1
2388	Y	1	0
2389	P	1	1
2390	Y	1	1
2391	V	1	0
2392	I	2	0
2393	Q	1	1
2394	E	1	0
2395	L	1	0
2396	R	1	0
2397	P	1	0
2398	T	1	0
2399	L	1	0
2400	S	1	0
2401	E	1	0
2402	L	1	1
2403	G	1	1
2404	I	1	1
2405	S	1	1
2406	T	1	0
2407	P	1	1
2408	E	1	0
2409	E	1	1
2410	L	1	1
2411	G	1	1
2412	L	1	1
2413	D	1	1
2414	K	1	1
2415	A	1	1
2416	S	NA	0
2417	H	NA	0
2418	G	1	0
2419	S	1	0
2420	Q	1	0
2421	E	1	0
2422	S	1	0
2423	D	1	1
2424	E	1	0
2425	E	1	0
2426	F	1	0
2427	D	1	0
2428	A	1	0
2429	R	1	0
2430	W	1	0
2431	V	1	0
2432	T	1	0
2433	Y	1	0
2434	F	1	0
2435	N	1	0
2436	K	1	0
2437	P	1	0
2438	D	1	0
2439	I	1	0
2440	D	1	0
2441	A	1	0
2442	W	1	1
2443	E	1	0
2444	L	1	1
2445	R	1	1
2446	K	1	1
2447	G	1	0
2448	V	1	1
2449	N	1	1
2450	T	1	0
2451	L	1	0
2452	V	1	1
2453	G	1	1
2454	Y	1	0
2455	D	1	1
2456	L	1	1
2457	V	1	1
2458	P	1	0
2459	E	1	1
2460	P	1	0
2461	K	1	0
2462	I	1	0
2463	I	1	0
2464	D	1	0
2465	A	1	0
2466	A	1	0
2467	L	1	0
2468	R	1	0
2469	A	1	0
2470	C	1	0
2471	R	1	1
2472	R	1	0
2473	L	1	0
2474	N	1	1
2475	D	1	1
2476	F	1	1
2477	A	1	1
2478	S	1	1
2479	A	1	0
2480	V	1	1
2481	R	1	1
2482	I	1	1
2483	L	1	0
2484	E	1	1
2485	V	1	1
2486	V	1	0
2487	K	1	1
2488	D	1	1
2489	K	1	0
2490	A	1	0
2491	G	1	0
2492	P	1	0
2493	H	1	1
2494	K	1	0
2495	E	1	1
2496	I	1	1
2497	Y	1	0
2498	P	1	1
2499	Y	1	1
2500	V	1	0
2501	I	2	0
2502	Q	1	1
2503	E	1	0
2504	L	1	0
2505	R	1	0
2506	P	1	0
2507	T	1	0
2508	L	1	0
2509	S	1	0
2510	E	1	0
2511	L	1	1
2512	G	1	1
2513	I	1	1
2514	S	1	1
2515	T	1	0
2516	P	1	1
2517	E	1	0
2518	E	1	1
2519	L	1	1
2520	G	1	1
2521	L	1	1
2522	D	1	1
2523	K	1	1
2524	A	1	1
2525	A	NA	0
2526	A	NA	0
2527	P	NA	0
2528	G	NA	0
2529	D	2	0
2530	L	1	0
2531	A	1	1
2532	T	2	0
2533	D	1	0
2534	E	2	0
2535	E	1	0
2536	Q	1	1
2537	A	1	0
2538	T	1	1
2539	G	1	1
2540	L	2	0
2541	E	1	0
2542	R	1	0
2543	K	1	0
2544	V	1	0
2545	M	2	0
2546	E	2	0
2547	A	1	0
2548	M	2	0
2549	N	1	0
2550	K	1	0
2551	G	1	0
2552	L	2	0
2553	D	1	0
2554	P	1	0
2555	Y	1	0
2556	S	1	0
2557	M	1	0
2558	F	1	0
2559	R	1	0
2560	P	1	0
2561	K	1	0
2562	R	1	0
2563	Y	1	0
2564	A	1	0
2565	G	1	0
2566	T	1	0
2567	K	1	0
2568	E	1	0
2569	D	1	0
2570	P	1	0
2571	N	1	0
2572	L	1	0
2573	V	1	0
2574	P	1	0
2575	S	1	0
2576	I	1	0
2577	T	2	0
2578	D	2	0
2579	K	1	1
2580	R	1	0
2581	I	1	0
2582	V	1	0
2583	G	1	0
2584	C	1	0
2585	V	1	0
2586	C	1	0
2587	E	1	0
2588	E	1	0
2589	D	1	0
2590	N	1	0
2591	S	1	0
2592	C	2	0
2593	V	1	0
2594	I	2	0
2595	W	1	0
2596	F	1	0
2597	W	1	1
2598	L	1	0
2599	H	1	1
2600	K	2	0
2601	G	1	0
2602	E	1	0
2603	A	1	0
2604	Q	1	0
2605	R	1	1
2606	C	1	0
2607	P	1	1
2608	S	1	0
2609	C	1	0
2610	G	1	1
2611	S	1	0
2612	H	1	0
2613	Y	1	0
2614	K	1	0
2615	L	1	0
2616	I	1	0
2617	P	1	0
2618	H	1	0
2619	E	1	0
2620	L	1	0
2621	P	1	0
2622	H	1	0
2623	A	NA	0
2624	A	NA	0
2625	P	NA	0
2626	G	NA	0
2627	D	2	0
2628	L	1	0
2629	A	1	1
2630	T	2	0
2631	D	1	0
2632	E	2	0
2633	E	1	0
2634	Q	1	1
2635	A	1	0
2636	T	1	1
2637	G	1	1
2638	L	2	0
2639	E	1	0
2640	R	1	0
2641	K	1	0
2642	V	1	0
2643	M	2	0
2644	E	2	0
2645	A	1	0
2646	M	2	0
2647	N	1	0
2648	K	1	0
2649	G	1	0
2650	L	2	0
2651	D	1	0
2652	P	1	0
2653	Y	1	0
2654	S	1	0
2655	M	1	0
2656	F	1	0
2657	R	1	0
2658	P	1	0
2659	K	1	0
2660	R	1	0
2661	Y	1	0
2662	A	1	0
2663	G	1	0
2664	T	1	0
2665	K	1	0
2666	E	1	0
2667	D	1	0
2668	P	1	0
2669	N	1	0
2670	L	1	0
2671	V	1	0
2672	P	1	0
2673	S	1	0
2674	I	1	0
2675	T	2	0
2676	D	2	0
2677	K	1	1
2678	R	1	0
2679	I	1	0
2680	V	1	0
2681	G	1	0
2682	C	1	0
2683	V	1	0
2684	C	1	0
2685	E	1	0
2686	E	1	0
2687	D	1	0
2688	N	1	0
2689	S	1	0
2690	C	2	0
2691	V	1	0
2692	I	2	0
2693	W	1	0
2694	F	1	0
2695	W	1	1
2696	L	1	0
2697	H	1	1
2698	K	2	0
2699	G	1	0
2700	E	1	0
2701	A	1	0
2702	Q	1	0
2703	R	1	1
2704	C	1	0
2705	P	1	1
2706	S	1	0
2707	C	1	0
2708	G	1	1
2709	S	1	0
2710	H	1	0
2711	Y	1	0
2712	K	1	0
2713	L	1	0
2714	I	1	0
2715	P	1	0
2716	H	1	0
2717	E	1	0
2718	L	1	0
2719	P	1	0
2720	H	1	0
2721	A	NA	0
2722	A	1	0
2723	S	1	0
2724	A	2	0
2725	A	1	0
2726	H	2	0
2727	E	1	0
2728	G	2	0
2729	G	1	0
2730	G	1	0
2731	A	2	0
2732	R	1	0
2733	L	2	0
2734	W	1	0
2735	K	2	0
2736	T	2	0
2737	L	1	0
2738	S	1	0
2739	F	2	0
2740	V	1	0
2741	V	1	0
2742	A	1	0
2743	L	2	0
2744	P	1	0
2745	A	1	0
2746	V	1	0
2747	G	1	0
2748	V	1	0
2749	C	1	0
2750	M	2	0
2751	L	2	0
2752	N	1	0
2753	C	2	0
2754	Y	1	0
2755	L	1	0
2756	K	1	0
2757	A	1	0
2758	Q	1	0
2759	H	1	0
2760	E	NA	0
2761	H	1	0
2762	E	1	0
2763	R	2	0
2764	P	1	0
2765	E	1	0
2766	F	1	0
2767	I	1	1
2768	R	1	1
2769	Y	1	1
2770	A	1	1
2771	H	1	1
2772	L	1	0
2773	R	2	0
2774	I	2	0
2775	R	2	0
2776	S	1	0
2777	K	1	0
2778	P	1	0
2779	F	1	0
2780	P	1	0
2781	W	1	0
2782	G	1	0
2783	D	2	0
2784	G	1	0
2785	N	1	0
2786	K	1	0
2787	T	1	0
2788	L	1	0
2789	F	1	0
2790	H	1	0
2791	N	1	0
2792	P	1	0
2793	H	1	0
2794	V	1	0
2795	N	1	0
2796	A	1	0
2797	L	1	0
2798	P	1	0
2799	T	2	0
2800	G	1	0
2801	Y	1	0
2802	E	1	0
2803	D	1	0
2804	E	1	0
2805	N	1	0
2806	A	NA	0
2807	A	1	0
2808	S	1	0
2809	A	2	0
2810	A	1	0
2811	H	2	0
2812	E	1	0
2813	G	2	0
2814	G	1	0
2815	G	1	0
2816	A	2	0
2817	R	1	0
2818	L	2	0
2819	W	1	0
2820	K	2	0
2821	T	2	0
2822	L	1	0
2823	S	1	0
2824	F	2	0
2825	V	1	0
2826	V	1	0
2827	A	1	0
2828	L	2	0
2829	P	1	0
2830	A	1	0
2831	V	1	0
2832	G	1	0
2833	V	1	0
2834	C	1	0
2835	M	2	0
2836	L	2	0
2837	N	1	0
2838	C	2	0
2839	Y	1	0
2840	L	1	0
2841	K	1	0
2842	A	1	0
2843	Q	1	0
2844	H	1	0
2845	E	NA	0
2846	H	1	0
2847	E	1	0
2848	R	2	0
2849	P	1	0
2850	E	1	0
2851	F	1	0
2852	I	1	1
2853	R	1	1
2854	Y	1	1
2855	A	1	1
2856	H	1	1
2857	L	1	0
2858	R	2	0
2859	I	2	0
2860	R	2	0
2861	S	1	0
2862	K	1	0
2863	P	1	0
2864	F	1	0
2865	P	1	0
2866	W	1	0
2867	G	1	0
2868	D	2	0
2869	G	1	0
2870	N	1	0
2871	K	1	0
2872	T	1	0
2873	L	1	0
2874	F	1	0
2875	H	1	0
2876	N	1	0
2877	P	1	0
2878	H	1	0
2879	V	1	0
2880	N	1	0
2881	A	1	0
2882	L	1	0
2883	P	1	0
2884	T	2	0
2885	G	1	0
2886	Y	1	0
2887	E	1	0
2888	D	1	0
2889	E	1	0
2890	N	1	0
2891	K	1	0
2892	L	1	0
2893	E	2	0
2894	H	1	0
2895	Y	1	0
2896	K	1	0
2897	T	1	0
2898	A	1	0
2899	P	1	1
2900	F	1	0
2901	D	1	0
2902	S	1	1
2903	R	1	1
2904	F	1	1
2905	P	1	1
2906	N	1	0
2907	Q	1	0
2908	N	1	0
2909	Q	1	0
2910	T	1	0
2911	R	1	1
2912	N	1	0
2913	C	1	0
2914	W	1	0
2915	Q	1	1
2916	N	1	0
2917	Y	1	0
2918	L	1	0
2919	D	1	0
2920	F	1	0
2921	H	1	0
2922	R	1	0
2923	C	1	1
2924	E	1	0
2925	K	1	0
2926	A	1	1
2927	M	1	1
2928	A	1	0
2929	A	1	0
2930	K	1	0
2931	G	1	0
2932	A	1	0
2933	D	1	0
2934	A	1	0
2935	T	2	0
2936	P	1	1
2937	C	1	0
2938	Q	1	0
2939	W	1	1
2940	Y	1	1
2941	Y	2	0
2942	R	1	0
2943	V	1	0
2944	Y	1	0
2945	K	1	0
2946	S	1	0
2947	I	1	0
2948	C	1	0
2949	P	1	0
2950	T	1	0
2951	S	1	0
2952	W	1	0
2953	V	1	0
2954	T	1	0
2955	T	1	0
2956	W	1	0
2957	D	1	0
2958	E	1	0
2959	Y	2	1
2960	R	1	0
2961	E	1	0
2962	E	1	1
2963	G	1	1
2964	T	1	1
2965	F	1	0
2966	P	1	1
2967	G	1	0
2968	K	1	0
2969	I	1	0
2970	K	1	0
2971	L	1	0
2972	E	2	0
2973	H	1	0
2974	Y	1	0
2975	K	1	0
2976	T	1	0
2977	A	1	0
2978	P	1	1
2979	F	1	0
2980	D	1	0
2981	S	1	1
2982	R	1	1
2983	F	1	1
2984	P	1	1
2985	N	1	0
2986	Q	1	0
2987	N	1	0
2988	Q	1	0
2989	T	1	0
2990	R	1	1
2991	N	1	0
2992	C	1	0
2993	W	1	0
2994	Q	1	1
2995	N	1	0
2996	Y	1	0
2997	L	1	0
2998	D	1	0
2999	F	1	0
3000	H	1	0
3001	R	1	0
3002	C	1	1
3003	E	1	0
3004	K	1	0
3005	A	1	1
3006	M	1	1
3007	A	1	0
3008	A	1	0
3009	K	1	0
3010	G	1	0
3011	A	1	0
3012	D	1	0
3013	A	1	0
3014	T	2	0
3015	P	1	1
3016	C	1	0
3017	Q	1	0
3018	W	1	1
3019	Y	1	1
3020	Y	2	0
3021	R	1	0
3022	V	1	0
3023	Y	1	0
3024	K	1	0
3025	S	1	0
3026	I	1	0
3027	C	1	0
3028	P	1	0
3029	T	1	0
3030	S	1	0
3031	W	1	0
3032	V	1	0
3033	T	1	0
3034	T	1	0
3035	W	1	0
3036	D	1	0
3037	E	1	0
3038	Y	2	1
3039	R	1	0
3040	E	1	0
3041	E	1	1
3042	G	1	1
3043	T	1	1
3044	F	1	0
3045	P	1	1
3046	G	1	0
3047	K	1	0
3048	I	1	0
3049	S	NA	0
3050	S	NA	0
3051	A	NA	0
3052	L	NA	1
3053	L	NA	1
3054	P	NA	0
3055	K	NA	1
3056	P	NA	1
3057	Q	NA	0
3058	M	NA	1
3059	R	NA	1
3060	R	NA	1
3061	L	NA	1
3062	L	NA	1
3063	A	NA	1
3064	R	NA	0
3065	R	NA	0
3066	M	NA	0
3067	K	NA	0
3068	F	NA	0
3069	H	NA	0
3070	L	NA	0
3071	F	NA	0
3072	G	NA	0
3073	A	NA	0
3074	F	NA	0
3075	L	NA	0
3076	V	NA	0
3077	S	NA	0
3078	L	NA	0
3079	G	NA	0
3080	C	NA	0
3081	A	NA	0
3082	A	NA	0
3083	L	1	0
3084	Y	1	0
3085	K	2	0
3086	F	1	0
3087	G	1	0
3088	V	1	0
3089	A	2	0
3090	E	1	0
3091	P	1	0
3092	R	1	1
3093	K	2	0
3094	R	1	0
3095	A	1	1
3096	Y	2	1
3097	A	1	0
3098	E	1	0
3099	F	1	1
3100	Y	3	0
3101	K	1	0
3102	N	1	0
3103	Y	3	0
3104	D	1	0
3105	P	2	0
3106	M	1	0
3107	K	2	0
3108	D	2	1
3109	F	1	0
3110	E	1	0
3111	A	1	0
3112	M	2	1
3113	R	2	0
3114	A	1	0
3115	A	1	1
3116	G	1	1
3117	V	1	1
3118	F	1	0
3119	E	2	0
3120	S	1	0
3121	A	1	0
3122	P	2	0
3123	P	2	0
3124	K	2	0
3125	S	NA	0
3126	S	NA	0
3127	A	NA	0
3128	L	NA	1
3129	L	NA	1
3130	P	NA	0
3131	K	NA	1
3132	P	NA	1
3133	Q	NA	0
3134	M	NA	1
3135	R	NA	1
3136	R	NA	1
3137	L	NA	1
3138	L	NA	1
3139	A	NA	1
3140	R	NA	0
3141	R	NA	0
3142	M	NA	0
3143	K	NA	0
3144	F	NA	0
3145	H	NA	0
3146	L	NA	0
3147	F	NA	0
3148	G	NA	0
3149	A	NA	0
3150	F	NA	0
3151	L	NA	0
3152	V	NA	0
3153	S	NA	0
3154	L	NA	0
3155	G	NA	0
3156	C	NA	0
3157	A	NA	0
3158	A	NA	0
3159	L	1	0
3160	Y	1	0
3161	K	2	0
3162	F	1	0
3163	G	1	0
3164	V	1	0
3165	A	2	0
3166	E	1	0
3167	P	1	0
3168	R	1	1
3169	K	2	0
3170	R	1	0
3171	A	1	1
3172	Y	2	1
3173	A	1	0
3174	E	1	0
3175	F	1	1
3176	Y	3	0
3177	K	1	0
3178	N	1	0
3179	Y	3	0
3180	D	1	0
3181	P	2	0
3182	M	1	0
3183	K	2	0
3184	D	2	1
3185	F	1	0
3186	E	1	0
3187	A	1	0
3188	M	2	1
3189	R	2	0
3190	A	1	0
3191	A	1	1
3192	G	1	1
3193	V	1	1
3194	F	1	0
3195	E	2	0
3196	S	1	0
3197	A	1	0
3198	P	2	0
3199	P	2	0
3200	K	2	0
3201	L	2	0
3202	E	1	0
3203	N	2	1
3204	R	2	0
3205	V	2	1
3206	P	1	1
3207	E	2	0
3208	K	1	0
3209	Q	1	1
3210	K	1	0
3211	L	1	0
3212	F	1	0
3213	Q	1	1
3214	E	1	0
3215	D	1	0
3216	N	1	0
3217	G	2	0
3218	L	3	0
3219	P	2	0
3220	V	1	0
3221	Y	2	0
3222	L	1	0
3223	K	2	0
3224	G	1	0
3225	G	2	0
3226	I	1	0
3227	M	1	0
3228	D	2	0
3229	G	1	0
3230	L	1	0
3231	L	1	0
3232	Y	1	0
3233	R	1	0
3234	V	1	0
3235	T	1	0
3236	M	1	0
3237	G	1	0
3238	L	1	0
3239	T	1	0
3240	V	1	0
3241	F	1	0
3242	G	1	0
3243	T	2	0
3244	G	1	0
3245	Y	1	0
3246	V	3	0
3247	L	2	0
3248	Y	1	0
3249	E	1	0
3250	L	2	0
3251	M	3	0
3252	M	1	0
3253	A	2	0
3254	S	2	1
3255	M	2	0
3256	P	3	1
3257	K	3	0
3258	K	2	0
3259	Q	1	0
3260	K	1	0
3261	L	2	0
3262	E	1	0
3263	N	2	1
3264	R	2	0
3265	V	2	1
3266	P	1	1
3267	E	2	0
3268	K	1	0
3269	Q	1	1
3270	K	1	0
3271	L	1	0
3272	F	1	0
3273	Q	1	1
3274	E	1	0
3275	D	1	0
3276	N	1	0
3277	G	2	0
3278	L	3	0
3279	P	2	0
3280	V	1	0
3281	Y	2	0
3282	L	1	0
3283	K	2	0
3284	G	1	0
3285	G	2	0
3286	I	1	0
3287	M	1	0
3288	D	2	0
3289	G	1	0
3290	L	1	0
3291	L	1	0
3292	Y	1	0
3293	R	1	0
3294	V	1	0
3295	T	1	0
3296	M	1	0
3297	G	1	0
3298	L	1	0
3299	T	1	0
3300	V	1	0
3301	F	1	0
3302	G	1	0
3303	T	2	0
3304	G	1	0
3305	Y	1	0
3306	V	3	0
3307	L	2	0
3308	Y	1	0
3309	E	1	0
3310	L	2	0
3311	M	3	0
3312	M	1	0
3313	A	2	0
3314	S	2	1
3315	M	2	0
3316	P	3	1
3317	K	3	0
3318	K	2	0
3319	Q	1	0
3320	K	1	0
3321	T	NA	0
3322	H	1	1
3323	H	2	1
3324	R	2	0
3325	K	2	0
3326	H	2	0
3327	E	2	0
3328	P	2	0
3329	N	2	1
3330	F	2	1
3331	H	2	1
3332	D	2	1
3333	K	3	0
3334	Y	1	1
3335	G	1	1
3336	N	2	1
3337	L	2	0
3338	V	2	1
3339	L	2	1
3340	I	1	0
3341	G	1	1
3342	G	1	1
3343	A	1	1
3344	A	2	0
3345	V	1	1
3346	F	1	1
3347	A	2	0
3348	T	1	0
3349	V	2	1
3350	W	1	1
3351	G	1	0
3352	Y	2	1
3353	V	1	1
3354	F	1	0
3355	T	1	0
3356	K	1	0
3357	S	1	1
3358	G	1	1
3359	M	1	1
3360	E	2	1
3361	W	1	0
3362	G	1	1
3363	L	1	0
3364	S	1	1
3365	P	1	1
3366	V	1	1
3367	G	2	1
3368	R	2	0
3369	V	1	1
3370	T	2	1
3371	P	2	1
3372	K	1	1
3373	E	1	1
3374	W	2	1
3375	R	1	1
3376	E	1	0
3377	T	NA	0
3378	H	1	1
3379	H	2	1
3380	R	2	1
3381	K	2	0
3382	H	2	0
3383	E	2	0
3384	P	2	0
3385	N	2	1
3386	F	2	1
3387	H	2	1
3388	D	2	1
3389	K	3	0
3390	Y	1	1
3391	G	1	1
3392	N	2	1
3393	L	2	0
3394	V	2	1
3395	L	2	1
3396	I	1	0
3397	G	1	1
3398	G	1	1
3399	A	1	1
3400	A	2	0
3401	V	1	1
3402	F	1	1
3403	A	2	0
3404	T	1	0
3405	V	2	1
3406	W	1	1
3407	G	1	0
3408	Y	2	1
3409	V	1	1
3410	F	1	0
3411	T	1	0
3412	K	1	0
3413	S	1	1
3414	G	1	1
3415	M	1	1
3416	E	2	1
3417	W	1	0
3418	G	1	1
3419	L	1	0
3420	S	1	1
3421	P	1	1
3422	V	1	1
3423	G	2	1
3424	R	2	0
3425	V	1	1
3426	T	2	1
3427	P	2	1
3428	K	1	1
3429	E	1	1
3430	W	2	1
3431	R	1	1
3432	E	1	0
3433	S	1	0
3434	H	2	0
3435	Y	2	0
3436	E	2	0
3437	D	2	0
3438	G	2	0
3439	P	1	0
3440	G	1	0
3441	K	1	0
3442	N	1	0
3443	L	2	0
3444	P	1	0
3445	F	1	0
3446	S	1	0
3447	V	1	0
3448	E	1	0
3449	N	1	0
3450	K	2	1
3451	W	1	0
3452	R	1	0
3453	L	1	0
3454	L	1	1
3455	A	1	0
3456	M	1	0
3457	M	1	1
3458	C	1	1
3459	A	1	1
3460	F	1	0
3461	F	1	1
3462	G	1	1
3463	S	1	0
3464	G	1	0
3465	F	1	1
3466	A	1	1
3467	A	1	0
3468	P	2	0
3469	F	2	1
3470	F	1	1
3471	I	1	0
3472	V	2	1
3473	R	1	1
3474	H	1	1
3475	Q	1	0
3476	L	1	1
3477	L	1	1
3478	K	1	1
3479	K	2	0
3480	S	1	0
3481	H	2	0
3482	Y	2	0
3483	E	2	0
3484	D	2	0
3485	G	2	0
3486	P	1	0
3487	G	1	0
3488	K	1	0
3489	N	1	0
3490	L	2	0
3491	P	1	0
3492	F	1	0
3493	S	1	0
3494	V	1	0
3495	E	1	0
3496	N	1	0
3497	K	2	1
3498	W	1	0
3499	R	1	0
3500	L	1	0
3501	L	1	1
3502	A	1	0
3503	M	1	0
3504	M	1	1
3505	C	1	1
3506	A	1	1
3507	F	1	0
3508	F	1	1
3509	G	1	1
3510	S	1	0
3511	G	1	0
3512	F	1	1
3513	A	1	1
3514	A	1	0
3515	P	2	0
3516	F	2	1
3517	F	1	1
3518	I	1	0
3519	V	2	1
3520	R	1	1
3521	H	1	1
3522	Q	1	0
3523	L	1	1
3524	L	1	1
3525	K	1	1
3526	K	2	0
3527	I	2	0
3528	V	2	0
3529	S	1	0
3530	G	2	0
3531	P	1	0
3532	P	1	0
3533	Q	1	0
3534	H	2	1
3535	P	1	0
3536	L	2	0
3537	G	2	0
3538	T	2	0
3539	A	2	0
3540	E	1	1
3541	S	2	0
3542	V	2	0
3543	V	2	0
3544	G	1	1
3545	L	2	0
3546	L	2	0
3547	A	2	1
3548	M	1	1
3549	F	2	0
3550	V	2	0
3551	T	2	1
3552	C	2	1
3553	L	1	1
3554	G	1	0
3555	P	1	1
3556	A	1	1
3557	A	1	1
3558	W	1	0
3559	V	1	1
3560	L	1	1
3561	S	2	1
3562	H	1	0
3563	L	1	1
3564	E	2	0
3565	D	1	0
3566	Y	1	1
3567	K	1	1
3568	K	1	0
3569	R	1	0
3570	E	1	0
3571	I	2	0
3572	V	2	0
3573	S	1	0
3574	G	2	0
3575	P	1	0
3576	P	1	0
3577	Q	1	0
3578	H	2	1
3579	P	1	0
3580	L	2	0
3581	G	2	0
3582	T	2	0
3583	A	2	0
3584	E	1	0
3585	S	2	0
3586	V	2	0
3587	V	2	0
3588	G	1	1
3589	L	2	0
3590	L	2	0
3591	A	2	1
3592	M	1	1
3593	F	2	0
3594	V	2	0
3595	T	2	1
3596	C	2	1
3597	L	1	1
3598	G	1	0
3599	P	1	1
3600	A	1	1
3601	A	1	1
3602	W	1	0
3603	V	1	1
3604	L	1	1
3605	S	2	1
3606	H	1	0
3607	L	1	1
3608	E	2	0
3609	D	1	0
3610	Y	1	1
3611	K	1	1
3612	K	1	0
3613	R	1	0
3614	E	1	0
3615	A	NA	0
3616	L	1	0
3617	Y	1	0
3618	V	1	0
3619	M	1	0
3620	R	1	0
3621	L	2	0
3622	A	1	0
3623	V	1	0
3624	F	1	0
3625	N	2	0
3626	P	1	1
3627	D	1	1
3628	V	2	0
3629	C	1	0
3630	W	1	0
3631	D	2	0
3632	K	1	0
3633	K	1	0
3634	N	1	0
3635	N	1	0
3636	P	1	0
3637	E	1	0
3638	P	1	0
3639	W	2	1
3640	N	1	1
3641	K	1	0
3642	L	1	1
3643	A	1	0
3644	P	1	1
3645	N	1	1
3646	D	1	1
3647	Q	1	1
3648	Y	2	1
3649	K	1	1
3650	F	1	0
3651	Y	1	0
3652	S	1	0
3653	V	1	0
3654	N	1	0
3655	V	1	0
3656	D	1	0
3657	Y	1	1
3658	S	2	0
3659	K	2	0
3660	L	1	1
3661	K	2	0
3662	K	1	0
3663	D	1	1
3664	R	1	1
3665	P	1	1
3666	D	3	0
3667	F	2	1
3668	A	NA	0
3669	L	1	0
3670	Y	1	0
3671	V	1	0
3672	M	1	0
3673	R	1	0
3674	L	2	0
3675	A	1	0
3676	V	1	0
3677	F	1	0
3678	N	2	0
3679	P	1	1
3680	D	1	1
3681	V	2	0
3682	C	1	0
3683	W	1	0
3684	D	2	0
3685	K	1	0
3686	K	1	0
3687	N	1	0
3688	N	1	0
3689	P	1	0
3690	E	1	1
3691	P	1	0
3692	W	2	1
3693	N	1	1
3694	K	1	0
3695	L	1	1
3696	A	1	0
3697	P	1	1
3698	N	1	1
3699	D	1	1
3700	Q	1	0
3701	Y	2	1
3702	K	1	1
3703	F	1	0
3704	Y	1	0
3705	S	1	0
3706	V	1	0
3707	N	1	0
3708	V	1	0
3709	D	1	0
3710	Y	1	1
3711	S	2	0
3712	K	2	0
3713	L	1	1
3714	K	2	0
3715	K	1	0
3716	D	1	1
3717	R	1	1
3718	P	1	1
3719	D	3	0
3720	F	2	1
