1	V	1
2	T	1
3	F	1
4	I	1
5	N	1
6	R	1
7	W	1
8	L	1
9	F	1
10	S	1
11	T	1
12	N	1
13	H	1
14	K	1
15	D	1
16	I	1
17	G	1
18	T	1
19	L	1
20	Y	1
21	L	1
22	I	1
23	F	1
24	G	1
25	T	1
26	W	1
27	A	1
28	G	1
29	M	1
30	A	1
31	G	1
32	T	1
33	A	1
34	L	1
35	S	1
36	L	1
37	L	1
38	I	1
39	R	1
40	A	1
41	E	1
42	L	1
43	G	1
44	Q	1
45	P	1
46	G	1
47	T	1
48	L	1
49	L	1
50	G	1
51	D	1
52	D	1
53	Q	1
54	I	1
55	Y	1
56	N	1
57	V	1
58	I	1
59	V	1
60	T	1
61	A	1
62	H	1
63	A	1
64	F	1
65	V	1
66	M	1
67	I	1
68	F	1
69	F	1
70	M	1
71	V	1
72	M	1
73	P	1
74	I	1
75	M	1
76	I	1
77	G	1
78	G	1
79	F	1
80	G	1
81	N	1
82	W	1
83	L	1
84	V	1
85	P	1
86	L	1
87	M	1
88	I	1
89	G	1
90	A	1
91	P	1
92	D	1
93	M	1
94	A	1
95	F	1
96	P	1
97	R	1
98	M	1
99	N	1
100	N	1
101	M	1
102	S	1
103	F	1
104	W	1
105	L	1
106	L	1
107	P	1
108	P	1
109	S	1
110	F	1
111	L	1
112	L	1
113	L	1
114	L	1
115	A	1
116	S	1
117	S	1
118	T	1
119	V	1
120	E	1
121	A	1
122	G	1
123	A	1
124	G	1
125	T	1
126	G	1
127	W	1
128	T	1
129	V	1
130	Y	1
131	P	1
132	P	1
133	L	1
134	A	1
135	G	1
136	N	1
137	L	1
138	A	1
139	H	1
140	A	1
141	G	1
142	A	1
143	S	1
144	V	1
145	D	1
146	L	1
147	A	1
148	I	1
149	F	1
150	S	1
151	L	1
152	H	1
153	L	1
154	A	1
155	G	1
156	V	1
157	S	1
158	S	1
159	I	1
160	L	1
161	G	1
162	A	1
163	I	1
164	N	1
165	F	1
166	I	1
167	T	1
168	T	1
169	I	1
170	I	1
171	N	1
172	M	1
173	K	1
174	P	1
175	P	1
176	A	1
177	L	1
178	S	1
179	Q	1
180	Y	1
181	Q	1
182	T	1
183	P	1
184	L	1
185	F	1
186	V	1
187	W	1
188	S	1
189	V	1
190	L	1
191	I	1
192	T	1
193	A	1
194	I	1
195	L	1
196	L	1
197	L	1
198	L	1
199	S	1
200	L	1
201	P	1
202	V	1
203	L	1
204	A	1
205	A	1
206	G	1
207	I	1
208	T	1
209	M	1
210	L	1
211	L	1
212	T	1
213	D	1
214	R	1
215	N	1
216	L	1
217	N	1
218	T	1
219	T	1
220	F	1
221	F	1
222	D	1
223	P	1
224	A	1
225	G	1
226	G	1
227	G	1
228	D	1
229	P	1
230	I	1
231	L	1
232	Y	1
233	Q	1
234	H	1
235	L	1
236	F	1
237	W	1
238	F	1
239	F	1
240	G	1
241	H	1
242	P	1
243	E	1
244	V	1
245	Y	1
246	I	1
247	L	1
248	I	1
249	L	1
250	P	1
251	G	1
252	F	1
253	G	1
254	M	1
255	I	1
256	S	1
257	H	1
258	V	1
259	V	1
260	A	1
261	Y	1
262	Y	1
263	A	1
264	G	1
265	K	1
266	K	1
267	E	1
268	P	1
269	F	1
270	G	1
271	Y	1
272	M	1
273	G	1
274	M	1
275	V	1
276	W	1
277	A	1
278	M	1
279	L	1
280	S	1
281	I	1
282	G	1
283	F	1
284	L	1
285	G	1
286	F	1
287	I	1
288	V	1
289	W	1
290	A	1
291	H	1
292	H	1
293	M	1
294	F	1
295	T	1
296	V	1
297	G	1
298	M	1
299	D	1
300	V	1
301	D	1
302	T	1
303	R	1
304	A	1
305	Y	1
306	F	1
307	T	1
308	S	1
309	A	1
310	T	1
311	M	1
312	I	1
313	I	1
314	A	1
315	I	1
316	P	1
317	T	1
318	G	1
319	I	1
320	K	1
321	V	1
322	F	1
323	S	1
324	W	1
325	L	1
326	A	1
327	T	1
328	L	1
329	H	1
330	G	1
331	G	1
332	T	1
333	I	1
334	K	1
335	W	1
336	D	1
337	P	1
338	P	1
339	M	1
340	L	1
341	W	1
342	A	1
343	L	1
344	G	1
345	F	1
346	I	1
347	F	1
348	L	1
349	F	1
350	T	1
351	I	1
352	G	1
353	G	1
354	L	1
355	T	1
356	G	1
357	I	1
358	V	1
359	L	1
360	A	1
361	N	1
362	S	1
363	S	1
364	L	1
365	D	1
366	I	1
367	A	1
368	L	1
369	H	1
370	D	1
371	T	1
372	Y	1
373	Y	1
374	V	1
375	V	1
376	A	1
377	H	1
378	F	1
379	H	1
380	Y	1
381	V	1
382	L	1
383	S	1
384	M	1
385	G	1
386	A	1
387	V	1
388	F	1
389	A	1
390	I	1
391	L	1
392	A	1
393	G	1
394	F	1
395	T	1
396	H	1
397	W	1
398	F	1
399	P	1
400	L	1
401	F	1
402	T	1
403	G	1
404	F	1
405	T	1
406	L	1
407	H	1
408	P	1
409	S	1
410	W	1
411	T	1
412	K	1
413	A	2
414	H	1
415	F	1
416	G	1
417	V	1
418	M	1
419	F	1
420	T	1
421	G	1
422	V	1
423	N	1
424	L	1
425	T	1
426	F	1
427	F	1
428	P	1
429	Q	1
430	H	1
431	F	1
432	L	1
433	G	1
434	L	1
435	A	1
436	G	1
437	M	1
438	P	1
439	R	1
440	R	1
441	Y	1
442	S	1
443	D	1
444	Y	1
445	P	1
446	D	1
447	A	1
448	Y	1
449	T	1
450	L	1
451	W	1
452	N	1
453	T	1
454	L	1
455	S	1
456	S	1
457	I	1
458	G	1
459	S	1
460	L	1
461	I	1
462	S	1
463	M	1
464	T	1
465	A	1
466	V	1
467	I	1
468	M	1
469	L	1
470	M	1
471	F	1
472	I	1
473	V	1
474	W	1
475	E	1
476	A	1
477	F	1
478	S	1
479	A	1
480	K	1
481	R	1
482	K	1
483	V	1
484	L	2
485	Q	1
486	P	1
487	E	1
488	L	1
489	T	1
490	A	2
491	T	1
492	N	1
493	I	1
494	E	1
495	W	1
496	I	1
497	H	1
498	G	1
499	C	1
500	P	1
501	P	1
502	P	1
503	Y	1
504	H	1
505	T	1
506	F	1
507	E	1
508	E	1
509	P	1
510	A	1
511	F	1
512	V	1
513	Q	1
514	V	1
515	Q	NA
516	E	NA
517	V	1
518	T	1
519	F	1
520	I	1
521	N	1
522	R	1
523	W	1
524	L	1
525	F	1
526	S	1
527	T	1
528	N	1
529	H	1
530	K	1
531	D	1
532	I	1
533	G	1
534	T	1
535	L	1
536	Y	1
537	L	1
538	I	1
539	F	1
540	G	1
541	T	1
542	W	1
543	A	1
544	G	1
545	M	1
546	A	1
547	G	1
548	T	1
549	A	1
550	L	1
551	S	1
552	L	1
553	L	1
554	I	1
555	R	1
556	A	1
557	E	1
558	L	1
559	G	1
560	Q	1
561	P	1
562	G	1
563	T	1
564	L	1
565	L	1
566	G	1
567	D	1
568	D	1
569	Q	1
570	I	1
571	Y	1
572	N	1
573	V	1
574	I	1
575	V	1
576	T	1
577	A	1
578	H	1
579	A	1
580	F	1
581	V	1
582	M	1
583	I	1
584	F	1
585	F	1
586	M	1
587	V	1
588	M	1
589	P	1
590	I	1
591	M	1
592	I	1
593	G	1
594	G	1
595	F	1
596	G	1
597	N	1
598	W	1
599	L	1
600	V	1
601	P	1
602	L	1
603	M	1
604	I	1
605	G	1
606	A	1
607	P	1
608	D	1
609	M	1
610	A	1
611	F	1
612	P	1
613	R	1
614	M	1
615	N	1
616	N	1
617	M	1
618	S	1
619	F	1
620	W	1
621	L	1
622	L	1
623	P	1
624	P	1
625	S	1
626	F	1
627	L	1
628	L	1
629	L	1
630	L	1
631	A	1
632	S	1
633	S	1
634	T	1
635	V	1
636	E	1
637	A	1
638	G	1
639	A	1
640	G	1
641	T	1
642	G	1
643	W	1
644	T	1
645	V	1
646	Y	1
647	P	1
648	P	1
649	L	1
650	A	1
651	G	1
652	N	1
653	L	1
654	A	1
655	H	1
656	A	1
657	G	1
658	A	1
659	S	1
660	V	1
661	D	1
662	L	1
663	A	1
664	I	1
665	F	1
666	S	1
667	L	1
668	H	1
669	L	1
670	A	1
671	G	1
672	V	1
673	S	1
674	S	1
675	I	1
676	L	1
677	G	1
678	A	1
679	I	1
680	N	1
681	F	1
682	I	1
683	T	1
684	T	1
685	I	1
686	I	1
687	N	1
688	M	1
689	K	1
690	P	1
691	P	1
692	A	1
693	L	1
694	S	1
695	Q	1
696	Y	1
697	Q	1
698	T	1
699	P	1
700	L	1
701	F	1
702	V	1
703	W	1
704	S	1
705	V	1
706	L	1
707	I	1
708	T	1
709	A	1
710	I	1
711	L	1
712	L	1
713	L	1
714	L	1
715	S	1
716	L	1
717	P	1
718	V	1
719	L	1
720	A	1
721	A	1
722	G	1
723	I	1
724	T	1
725	M	1
726	L	1
727	L	1
728	T	1
729	D	1
730	R	1
731	N	1
732	L	1
733	N	1
734	T	1
735	T	1
736	F	1
737	F	1
738	D	1
739	P	1
740	A	1
741	G	1
742	G	1
743	G	1
744	D	1
745	P	1
746	I	1
747	L	1
748	Y	1
749	Q	1
750	H	1
751	L	1
752	F	1
753	W	1
754	F	1
755	F	1
756	G	1
757	H	1
758	P	1
759	E	1
760	V	1
761	Y	1
762	I	1
763	L	1
764	I	1
765	L	1
766	P	1
767	G	1
768	F	1
769	G	1
770	M	1
771	I	1
772	S	1
773	H	1
774	V	1
775	V	1
776	A	1
777	Y	1
778	Y	1
779	A	1
780	G	1
781	K	1
782	K	1
783	E	1
784	P	1
785	F	1
786	G	1
787	Y	1
788	M	1
789	G	1
790	M	1
791	V	1
792	W	1
793	A	1
794	M	1
795	L	1
796	S	1
797	I	1
798	G	1
799	F	1
800	L	1
801	G	1
802	F	1
803	I	1
804	V	1
805	W	1
806	A	1
807	H	1
808	H	1
809	M	1
810	F	1
811	T	1
812	V	1
813	G	1
814	M	1
815	D	1
816	V	1
817	D	1
818	T	1
819	R	1
820	A	1
821	Y	1
822	F	1
823	T	1
824	S	1
825	A	1
826	T	1
827	M	1
828	I	1
829	I	1
830	A	1
831	I	1
832	P	1
833	T	1
834	G	1
835	I	1
836	K	1
837	V	1
838	F	1
839	S	1
840	W	1
841	L	1
842	A	1
843	T	1
844	L	1
845	H	1
846	G	1
847	G	1
848	T	1
849	I	1
850	K	1
851	W	1
852	D	1
853	P	1
854	P	1
855	M	1
856	L	1
857	W	1
858	A	1
859	L	1
860	G	1
861	F	1
862	I	1
863	F	1
864	L	1
865	F	1
866	T	1
867	I	1
868	G	1
869	G	1
870	L	1
871	T	1
872	G	1
873	I	1
874	V	1
875	L	1
876	A	1
877	N	1
878	S	1
879	S	1
880	L	1
881	D	1
882	I	1
883	A	1
884	L	1
885	H	1
886	D	1
887	T	1
888	Y	1
889	Y	1
890	V	1
891	V	1
892	A	1
893	H	1
894	F	1
895	H	1
896	Y	1
897	V	1
898	L	1
899	S	1
900	M	1
901	G	1
902	A	1
903	V	1
904	F	1
905	A	1
906	I	1
907	L	1
908	A	1
909	G	1
910	F	1
911	T	1
912	H	1
913	W	1
914	F	1
915	P	1
916	L	1
917	F	1
918	T	1
919	G	1
920	F	1
921	T	1
922	L	1
923	H	1
924	P	1
925	S	1
926	W	1
927	T	1
928	K	1
929	A	2
930	H	1
931	F	1
932	G	1
933	V	1
934	M	1
935	F	1
936	T	1
937	G	1
938	V	1
939	N	1
940	L	1
941	T	1
942	F	1
943	F	1
944	P	1
945	Q	1
946	H	1
947	F	1
948	L	1
949	G	1
950	L	1
951	A	1
952	G	1
953	M	1
954	P	1
955	R	1
956	R	1
957	Y	1
958	S	1
959	D	1
960	Y	1
961	P	1
962	D	1
963	A	1
964	Y	1
965	T	1
966	L	1
967	W	1
968	N	1
969	T	1
970	L	1
971	S	1
972	S	1
973	I	1
974	G	1
975	S	1
976	L	1
977	I	1
978	S	1
979	M	1
980	T	1
981	A	1
982	V	1
983	I	1
984	M	1
985	L	1
986	M	1
987	F	1
988	I	1
989	V	1
990	W	1
991	E	1
992	A	1
993	F	1
994	S	1
995	A	1
996	K	1
997	R	1
998	K	1
999	V	1
1000	L	2
1001	Q	1
1002	P	1
1003	E	1
1004	L	1
1005	T	1
1006	A	2
1007	T	1
1008	N	1
1009	I	1
1010	E	1
1011	W	1
1012	I	1
1013	H	1
1014	G	1
1015	C	1
1016	P	1
1017	P	1
1018	P	1
1019	Y	1
1020	H	1
1021	T	1
1022	F	1
1023	E	1
1024	E	1
1025	P	1
1026	A	1
1027	F	1
1028	V	1
1029	Q	1
1030	V	1
1031	Q	NA
1032	E	NA
1033	M	1
1034	A	1
1035	N	1
1036	H	1
1037	S	1
1038	Q	1
1039	L	1
1040	G	1
1041	F	1
1042	Q	1
1043	D	1
1044	A	1
1045	S	1
1046	S	1
1047	P	1
1048	I	1
1049	M	1
1050	E	1
1051	E	1
1052	L	1
1053	V	1
1054	E	1
1055	F	1
1056	H	1
1057	D	1
1058	H	1
1059	A	1
1060	L	1
1061	M	1
1062	V	1
1063	A	1
1064	L	1
1065	A	1
1066	I	1
1067	C	1
1068	S	1
1069	L	1
1070	V	1
1071	L	1
1072	Y	1
1073	L	1
1074	L	1
1075	T	1
1076	L	1
1077	M	1
1078	L	1
1079	M	1
1080	E	1
1081	K	1
1082	L	1
1083	S	1
1084	S	1
1085	N	1
1086	T	1
1087	V	1
1088	D	1
1089	A	1
1090	Q	1
1091	E	1
1092	V	1
1093	E	1
1094	L	1
1095	I	1
1096	W	1
1097	T	1
1098	I	1
1099	L	1
1100	P	1
1101	A	1
1102	I	1
1103	V	1
1104	L	1
1105	V	1
1106	L	1
1107	L	1
1108	A	1
1109	L	1
1110	P	1
1111	S	1
1112	L	1
1113	Q	1
1114	I	1
1115	L	1
1116	Y	1
1117	M	1
1118	M	1
1119	D	1
1120	E	1
1121	I	1
1122	D	1
1123	E	1
1124	P	1
1125	D	1
1126	L	1
1127	T	1
1128	L	1
1129	K	1
1130	A	1
1131	I	1
1132	G	1
1133	H	1
1134	Q	1
1135	W	1
1136	Y	1
1137	W	1
1138	T	1
1139	Y	1
1140	E	1
1141	Y	1
1142	T	1
1143	D	1
1144	F	1
1145	K	1
1146	D	1
1147	L	1
1148	S	1
1149	F	1
1150	D	1
1151	S	1
1152	Y	1
1153	M	1
1154	T	2
1155	P	1
1156	T	1
1157	T	1
1158	D	1
1159	L	1
1160	P	1
1161	L	2
1162	G	1
1163	H	1
1164	F	1
1165	R	1
1166	L	1
1167	L	1
1168	E	1
1169	V	1
1170	D	1
1171	H	1
1172	R	1
1173	I	1
1174	V	1
1175	I	1
1176	P	1
1177	M	1
1178	E	1
1179	S	1
1180	P	1
1181	I	1
1182	R	1
1183	V	1
1184	I	1
1185	I	1
1186	T	1
1187	A	1
1188	D	1
1189	D	1
1190	V	1
1191	L	1
1192	H	1
1193	S	1
1194	W	1
1195	A	1
1196	V	1
1197	P	1
1198	A	1
1199	L	1
1200	G	1
1201	V	1
1202	K	1
1203	T	1
1204	D	1
1205	A	1
1206	I	1
1207	P	1
1208	G	1
1209	R	1
1210	L	1
1211	N	1
1212	Q	1
1213	T	1
1214	S	1
1215	F	1
1216	I	1
1217	T	1
1218	T	1
1219	R	1
1220	P	1
1221	G	1
1222	V	1
1223	F	1
1224	Y	1
1225	G	1
1226	Q	1
1227	C	1
1228	S	1
1229	E	1
1230	I	1
1231	C	1
1232	G	1
1233	A	1
1234	N	1
1235	H	1
1236	S	1
1237	Y	1
1238	M	1
1239	P	1
1240	I	1
1241	V	1
1242	V	1
1243	E	1
1244	S	1
1245	T	1
1246	P	1
1247	L	1
1248	K	2
1249	H	1
1250	F	1
1251	E	1
1252	A	2
1253	W	1
1254	S	1
1255	S	1
1256	L	1
1257	L	2
1258	S	1
1259	S	1
1260	M	1
1261	A	1
1262	N	1
1263	H	1
1264	S	1
1265	Q	1
1266	L	1
1267	G	1
1268	F	1
1269	Q	1
1270	D	1
1271	A	1
1272	S	1
1273	S	1
1274	P	1
1275	I	1
1276	M	1
1277	E	1
1278	E	1
1279	L	1
1280	V	1
1281	E	1
1282	F	1
1283	H	1
1284	D	1
1285	H	1
1286	A	1
1287	L	1
1288	M	1
1289	V	1
1290	A	1
1291	L	1
1292	A	1
1293	I	1
1294	C	1
1295	S	1
1296	L	1
1297	V	1
1298	L	1
1299	Y	1
1300	L	1
1301	L	1
1302	T	1
1303	L	1
1304	M	1
1305	L	1
1306	M	1
1307	E	1
1308	K	1
1309	L	1
1310	S	1
1311	S	1
1312	N	1
1313	T	1
1314	V	1
1315	D	1
1316	A	1
1317	Q	1
1318	E	1
1319	V	1
1320	E	1
1321	L	1
1322	I	1
1323	W	1
1324	T	1
1325	I	1
1326	L	1
1327	P	1
1328	A	1
1329	I	1
1330	V	1
1331	L	1
1332	V	1
1333	L	1
1334	L	1
1335	A	1
1336	L	1
1337	P	1
1338	S	1
1339	L	1
1340	Q	1
1341	I	1
1342	L	1
1343	Y	1
1344	M	1
1345	M	1
1346	D	1
1347	E	1
1348	I	1
1349	D	1
1350	E	1
1351	P	1
1352	D	1
1353	L	1
1354	T	1
1355	L	1
1356	K	1
1357	A	1
1358	I	1
1359	G	1
1360	H	1
1361	Q	1
1362	W	1
1363	Y	1
1364	W	1
1365	T	1
1366	Y	1
1367	E	1
1368	Y	1
1369	T	1
1370	D	1
1371	F	1
1372	K	1
1373	D	1
1374	L	1
1375	S	1
1376	F	1
1377	D	1
1378	S	1
1379	Y	1
1380	M	1
1381	T	2
1382	P	1
1383	T	1
1384	T	1
1385	D	1
1386	L	1
1387	P	1
1388	L	2
1389	G	1
1390	H	1
1391	F	1
1392	R	1
1393	L	1
1394	L	1
1395	E	1
1396	V	1
1397	D	1
1398	H	1
1399	R	1
1400	I	1
1401	V	1
1402	I	1
1403	P	1
1404	M	1
1405	E	1
1406	S	1
1407	P	1
1408	I	1
1409	R	1
1410	V	1
1411	I	1
1412	I	1
1413	T	1
1414	A	1
1415	D	1
1416	D	1
1417	V	1
1418	L	1
1419	H	1
1420	S	1
1421	W	1
1422	A	1
1423	V	1
1424	P	1
1425	A	1
1426	L	1
1427	G	1
1428	V	1
1429	K	1
1430	T	1
1431	D	1
1432	A	1
1433	I	1
1434	P	1
1435	G	1
1436	R	1
1437	L	1
1438	N	1
1439	Q	1
1440	T	1
1441	S	1
1442	F	1
1443	I	1
1444	T	1
1445	T	1
1446	R	1
1447	P	1
1448	G	1
1449	V	1
1450	F	1
1451	Y	1
1452	G	1
1453	Q	1
1454	C	1
1455	S	1
1456	E	1
1457	I	1
1458	C	1
1459	G	1
1460	A	1
1461	N	1
1462	H	1
1463	S	1
1464	Y	1
1465	M	1
1466	P	1
1467	I	1
1468	V	1
1469	V	1
1470	E	1
1471	S	1
1472	T	1
1473	P	1
1474	L	1
1475	K	2
1476	H	1
1477	F	1
1478	E	1
1479	A	2
1480	W	1
1481	S	1
1482	S	1
1483	L	1
1484	L	2
1485	S	1
1486	S	1
1487	M	1
1488	A	1
1489	H	1
1490	Q	1
1491	A	1
1492	H	1
1493	S	1
1494	Y	1
1495	H	1
1496	M	1
1497	V	1
1498	D	1
1499	P	1
1500	S	1
1501	P	1
1502	W	1
1503	P	1
1504	I	1
1505	F	2
1506	G	1
1507	A	1
1508	A	2
1509	A	1
1510	A	1
1511	L	1
1512	L	1
1513	T	1
1514	T	1
1515	S	1
1516	G	1
1517	L	1
1518	I	1
1519	M	1
1520	W	1
1521	F	1
1522	H	1
1523	Y	1
1524	S	1
1525	S	1
1526	T	1
1527	T	2
1528	L	1
1529	L	1
1530	T	2
1531	M	2
1532	G	1
1533	L	1
1534	L	2
1535	S	1
1536	M	1
1537	L	2
1538	L	1
1539	V	1
1540	M	1
1541	L	2
1542	Q	1
1543	W	1
1544	W	1
1545	R	1
1546	D	1
1547	V	1
1548	V	1
1549	R	1
1550	E	1
1551	S	1
1552	T	1
1553	F	1
1554	Q	1
1555	G	1
1556	H	1
1557	H	1
1558	T	1
1559	P	1
1560	T	1
1561	V	1
1562	Q	1
1563	K	1
1564	G	1
1565	L	1
1566	R	1
1567	Y	1
1568	G	1
1569	M	1
1570	I	1
1571	L	1
1572	F	1
1573	I	1
1574	T	1
1575	S	1
1576	E	1
1577	A	1
1578	F	1
1579	F	1
1580	F	1
1581	L	1
1582	G	1
1583	F	1
1584	F	1
1585	W	1
1586	A	1
1587	F	1
1588	F	1
1589	H	1
1590	S	1
1591	S	1
1592	L	1
1593	A	1
1594	P	1
1595	T	1
1596	P	1
1597	E	1
1598	L	1
1599	G	1
1600	G	1
1601	Q	1
1602	W	1
1603	P	1
1604	P	1
1605	T	1
1606	G	1
1607	V	1
1608	K	1
1609	P	1
1610	L	1
1611	N	1
1612	P	1
1613	L	1
1614	E	1
1615	V	1
1616	P	1
1617	L	1
1618	L	1
1619	N	1
1620	T	1
1621	A	1
1622	I	1
1623	L	1
1624	L	1
1625	A	1
1626	S	1
1627	G	1
1628	V	1
1629	T	1
1630	V	1
1631	T	1
1632	W	1
1633	A	1
1634	H	1
1635	H	1
1636	S	1
1637	I	1
1638	T	1
1639	E	1
1640	G	2
1641	N	1
1642	R	1
1643	K	1
1644	Q	1
1645	A	1
1646	I	1
1647	H	2
1648	A	1
1649	L	1
1650	T	2
1651	L	1
1652	T	1
1653	I	1
1654	L	1
1655	L	1
1656	G	1
1657	F	1
1658	Y	1
1659	F	1
1660	T	1
1661	A	2
1662	L	1
1663	Q	1
1664	A	1
1665	M	1
1666	E	1
1667	Y	1
1668	H	1
1669	E	1
1670	A	1
1671	S	1
1672	F	1
1673	S	1
1674	I	1
1675	A	1
1676	D	1
1677	S	1
1678	V	1
1679	Y	1
1680	G	1
1681	S	1
1682	T	1
1683	F	1
1684	F	1
1685	V	1
1686	A	1
1687	T	1
1688	G	1
1689	F	1
1690	H	1
1691	G	1
1692	L	1
1693	H	1
1694	V	1
1695	I	1
1696	I	1
1697	G	1
1698	S	1
1699	S	1
1700	F	1
1701	L	1
1702	T	2
1703	V	1
1704	C	1
1705	L	1
1706	L	1
1707	R	1
1708	L	1
1709	I	1
1710	K	1
1711	F	1
1712	H	1
1713	F	1
1714	T	1
1715	P	1
1716	N	1
1717	H	1
1718	H	1
1719	F	1
1720	G	1
1721	F	1
1722	E	1
1723	A	1
1724	A	1
1725	A	1
1726	W	1
1727	Y	1
1728	W	1
1729	H	1
1730	F	1
1731	V	1
1732	D	1
1733	I	1
1734	I	1
1735	W	1
1736	L	1
1737	F	1
1738	L	1
1739	Y	1
1740	M	1
1741	S	1
1742	M	1
1743	Y	1
1744	W	1
1745	W	1
1746	G	1
1747	S	1
1748	M	1
1749	A	1
1750	H	1
1751	Q	1
1752	A	1
1753	H	1
1754	S	1
1755	Y	1
1756	H	1
1757	M	1
1758	V	1
1759	D	1
1760	P	1
1761	S	1
1762	P	1
1763	W	1
1764	P	1
1765	I	1
1766	F	2
1767	G	1
1768	A	1
1769	A	2
1770	A	1
1771	A	1
1772	L	1
1773	L	1
1774	T	1
1775	T	1
1776	S	1
1777	G	1
1778	L	1
1779	I	1
1780	M	1
1781	W	1
1782	F	1
1783	H	1
1784	Y	1
1785	S	1
1786	S	1
1787	T	1
1788	T	2
1789	L	1
1790	L	1
1791	T	2
1792	M	2
1793	G	1
1794	L	1
1795	L	2
1796	S	1
1797	M	1
1798	L	2
1799	L	1
1800	V	1
1801	M	1
1802	L	2
1803	Q	1
1804	W	1
1805	W	1
1806	R	1
1807	D	1
1808	V	1
1809	V	1
1810	R	1
1811	E	1
1812	S	1
1813	T	1
1814	F	1
1815	Q	1
1816	G	1
1817	H	1
1818	H	1
1819	T	1
1820	P	1
1821	T	1
1822	V	1
1823	Q	1
1824	K	1
1825	G	1
1826	L	1
1827	R	1
1828	Y	1
1829	G	1
1830	M	1
1831	I	1
1832	L	1
1833	F	1
1834	I	1
1835	T	1
1836	S	1
1837	E	1
1838	A	1
1839	F	1
1840	F	1
1841	F	1
1842	L	1
1843	G	1
1844	F	1
1845	F	1
1846	W	1
1847	A	1
1848	F	1
1849	F	1
1850	H	1
1851	S	1
1852	S	1
1853	L	1
1854	A	1
1855	P	1
1856	T	1
1857	P	1
1858	E	1
1859	L	1
1860	G	1
1861	G	1
1862	Q	1
1863	W	1
1864	P	1
1865	P	1
1866	T	1
1867	G	1
1868	V	1
1869	K	1
1870	P	1
1871	L	1
1872	N	1
1873	P	1
1874	L	1
1875	E	1
1876	V	1
1877	P	1
1878	L	1
1879	L	1
1880	N	1
1881	T	1
1882	A	1
1883	I	1
1884	L	1
1885	L	1
1886	A	1
1887	S	1
1888	G	1
1889	V	1
1890	T	1
1891	V	1
1892	T	1
1893	W	1
1894	A	1
1895	H	1
1896	H	1
1897	S	1
1898	I	1
1899	T	1
1900	E	1
1901	G	2
1902	N	1
1903	R	1
1904	K	1
1905	Q	1
1906	A	1
1907	I	1
1908	H	2
1909	A	1
1910	L	1
1911	T	2
1912	L	1
1913	T	1
1914	I	1
1915	L	1
1916	L	1
1917	G	1
1918	F	1
1919	Y	1
1920	F	1
1921	T	1
1922	A	2
1923	L	1
1924	Q	1
1925	A	1
1926	M	1
1927	E	1
1928	Y	1
1929	H	1
1930	E	1
1931	A	1
1932	S	1
1933	F	1
1934	S	1
1935	I	1
1936	A	1
1937	D	1
1938	S	1
1939	V	1
1940	Y	1
1941	G	1
1942	S	1
1943	T	1
1944	F	1
1945	F	1
1946	V	1
1947	A	1
1948	T	1
1949	G	1
1950	F	1
1951	H	1
1952	G	1
1953	L	1
1954	H	1
1955	V	1
1956	I	1
1957	I	1
1958	G	1
1959	S	1
1960	S	1
1961	F	1
1962	L	1
1963	T	2
1964	V	1
1965	C	1
1966	L	1
1967	L	1
1968	R	1
1969	L	1
1970	I	1
1971	K	1
1972	F	1
1973	H	1
1974	F	1
1975	T	1
1976	P	1
1977	N	1
1978	H	1
1979	H	1
1980	F	1
1981	G	1
1982	F	1
1983	E	1
1984	A	1
1985	A	1
1986	A	1
1987	W	1
1988	Y	1
1989	W	1
1990	H	1
1991	F	1
1992	V	1
1993	D	1
1994	I	1
1995	I	1
1996	W	1
1997	L	1
1998	F	1
1999	L	1
2000	Y	1
2001	M	1
2002	S	1
2003	M	1
2004	Y	1
2005	W	1
2006	W	1
2007	G	1
2008	S	1
2009	A	NA
2010	H	NA
2011	G	NA
2012	H	NA
2013	A	NA
2014	G	NA
2015	V	1
2016	V	1
2017	K	1
2018	A	1
2019	D	1
2020	D	2
2021	F	1
2022	S	1
2023	H	1
2024	P	2
2025	A	1
2026	Y	1
2027	V	1
2028	D	1
2029	R	2
2030	R	1
2031	D	1
2032	V	1
2033	P	1
2034	L	1
2035	P	1
2036	E	1
2037	V	1
2038	A	1
2039	F	1
2040	V	1
2041	K	1
2042	E	1
2043	L	1
2044	S	1
2045	A	2
2046	Q	1
2047	Q	2
2048	K	1
2049	A	1
2050	L	1
2051	K	1
2052	E	1
2053	K	1
2054	E	1
2055	K	1
2056	A	1
2057	S	1
2058	W	1
2059	T	1
2060	A	1
2061	L	1
2062	S	1
2063	V	1
2064	D	1
2065	E	1
2066	K	1
2067	V	1
2068	E	1
2069	L	1
2070	Y	1
2071	R	1
2072	I	1
2073	K	1
2074	F	1
2075	N	1
2076	E	1
2077	S	1
2078	Y	1
2079	A	1
2080	E	1
2081	M	1
2082	N	1
2083	K	2
2084	G	2
2085	T	1
2086	N	1
2087	E	1
2088	W	1
2089	K	1
2090	T	1
2091	V	1
2092	L	2
2093	G	1
2094	G	1
2095	V	1
2096	L	1
2097	F	2
2098	F	1
2099	L	1
2100	G	1
2101	V	1
2102	S	1
2103	G	2
2104	L	1
2105	I	1
2106	L	1
2107	I	1
2108	W	1
2109	Q	1
2110	K	1
2111	M	2
2112	Y	2
2113	M	1
2114	Y	1
2115	G	1
2116	P	2
2117	I	1
2118	P	1
2119	H	1
2120	T	1
2121	F	2
2122	S	1
2123	D	1
2124	E	2
2125	W	1
2126	L	1
2127	S	1
2128	M	1
2129	Q	1
2130	T	1
2131	K	1
2132	R	1
2133	M	1
2134	L	1
2135	D	1
2136	M	1
2137	R	2
2138	I	1
2139	N	1
2140	P	1
2141	V	1
2142	E	1
2143	G	2
2144	I	1
2145	S	1
2146	A	2
2147	Q	2
2148	W	2
2149	D	1
2150	Y	1
2151	E	1
2152	K	1
2153	N	1
2154	E	1
2155	W	1
2156	K	1
2157	K	1
2158	A	NA
2159	H	NA
2160	G	NA
2161	H	NA
2162	A	NA
2163	G	NA
2164	V	1
2165	V	1
2166	K	1
2167	A	1
2168	D	1
2169	D	2
2170	F	1
2171	S	1
2172	H	1
2173	P	2
2174	A	1
2175	Y	1
2176	V	1
2177	D	1
2178	R	2
2179	R	1
2180	D	1
2181	V	1
2182	P	1
2183	L	1
2184	P	1
2185	E	1
2186	V	1
2187	A	1
2188	F	1
2189	V	1
2190	K	1
2191	E	1
2192	L	1
2193	S	1
2194	A	2
2195	Q	1
2196	Q	2
2197	K	1
2198	A	1
2199	L	1
2200	K	1
2201	E	1
2202	K	1
2203	E	1
2204	K	1
2205	A	1
2206	S	1
2207	W	1
2208	T	1
2209	A	1
2210	L	1
2211	S	1
2212	V	1
2213	D	1
2214	E	1
2215	K	1
2216	V	1
2217	E	1
2218	L	1
2219	Y	1
2220	R	1
2221	I	1
2222	K	1
2223	F	1
2224	N	1
2225	E	1
2226	S	1
2227	Y	1
2228	A	1
2229	E	1
2230	M	1
2231	N	1
2232	K	2
2233	G	2
2234	T	1
2235	N	1
2236	E	1
2237	W	1
2238	K	1
2239	T	1
2240	V	1
2241	L	2
2242	G	1
2243	G	1
2244	V	1
2245	L	1
2246	F	2
2247	F	1
2248	L	1
2249	G	1
2250	V	1
2251	S	1
2252	G	2
2253	L	1
2254	I	1
2255	L	1
2256	I	1
2257	W	1
2258	Q	1
2259	K	1
2260	M	2
2261	Y	2
2262	M	1
2263	Y	1
2264	G	1
2265	P	2
2266	I	1
2267	P	1
2268	H	1
2269	T	1
2270	F	2
2271	S	1
2272	D	1
2273	E	2
2274	W	1
2275	L	1
2276	S	1
2277	M	1
2278	Q	1
2279	T	1
2280	K	1
2281	R	1
2282	M	1
2283	L	1
2284	D	1
2285	M	1
2286	R	2
2287	I	1
2288	N	1
2289	P	1
2290	V	1
2291	E	1
2292	G	2
2293	I	1
2294	S	1
2295	A	2
2296	Q	2
2297	W	2
2298	D	1
2299	Y	1
2300	E	1
2301	K	1
2302	N	1
2303	E	1
2304	W	1
2305	K	1
2306	K	1
2307	S	NA
2308	H	NA
2309	G	1
2310	S	1
2311	Q	1
2312	E	1
2313	S	1
2314	D	1
2315	E	1
2316	E	1
2317	F	1
2318	D	1
2319	A	1
2320	R	1
2321	W	1
2322	V	1
2323	T	1
2324	Y	1
2325	F	1
2326	N	1
2327	K	1
2328	P	1
2329	D	1
2330	I	1
2331	D	1
2332	A	1
2333	W	1
2334	E	1
2335	L	1
2336	R	1
2337	K	1
2338	G	1
2339	V	1
2340	N	1
2341	T	1
2342	L	1
2343	V	1
2344	G	1
2345	Y	1
2346	D	1
2347	L	1
2348	V	1
2349	P	1
2350	E	1
2351	P	1
2352	K	1
2353	I	1
2354	I	1
2355	D	1
2356	A	1
2357	A	1
2358	L	1
2359	R	1
2360	A	1
2361	C	1
2362	R	1
2363	R	1
2364	L	1
2365	N	1
2366	D	1
2367	F	1
2368	A	1
2369	S	1
2370	A	1
2371	V	1
2372	R	1
2373	I	1
2374	L	1
2375	E	1
2376	V	1
2377	V	1
2378	K	1
2379	D	1
2380	K	1
2381	A	1
2382	G	1
2383	P	1
2384	H	1
2385	K	1
2386	E	1
2387	I	1
2388	Y	1
2389	P	1
2390	Y	1
2391	V	1
2392	I	2
2393	Q	1
2394	E	1
2395	L	1
2396	R	1
2397	P	1
2398	T	1
2399	L	1
2400	S	1
2401	E	1
2402	L	1
2403	G	1
2404	I	1
2405	S	1
2406	T	1
2407	P	1
2408	E	1
2409	E	1
2410	L	1
2411	G	1
2412	L	1
2413	D	1
2414	K	1
2415	A	1
2416	S	NA
2417	H	NA
2418	G	1
2419	S	1
2420	Q	1
2421	E	1
2422	S	1
2423	D	1
2424	E	1
2425	E	1
2426	F	1
2427	D	1
2428	A	1
2429	R	1
2430	W	1
2431	V	1
2432	T	1
2433	Y	1
2434	F	1
2435	N	1
2436	K	1
2437	P	1
2438	D	1
2439	I	1
2440	D	1
2441	A	1
2442	W	1
2443	E	1
2444	L	1
2445	R	1
2446	K	1
2447	G	1
2448	V	1
2449	N	1
2450	T	1
2451	L	1
2452	V	1
2453	G	1
2454	Y	1
2455	D	1
2456	L	1
2457	V	1
2458	P	1
2459	E	1
2460	P	1
2461	K	1
2462	I	1
2463	I	1
2464	D	1
2465	A	1
2466	A	1
2467	L	1
2468	R	1
2469	A	1
2470	C	1
2471	R	1
2472	R	1
2473	L	1
2474	N	1
2475	D	1
2476	F	1
2477	A	1
2478	S	1
2479	A	1
2480	V	1
2481	R	1
2482	I	1
2483	L	1
2484	E	1
2485	V	1
2486	V	1
2487	K	1
2488	D	1
2489	K	1
2490	A	1
2491	G	1
2492	P	1
2493	H	1
2494	K	1
2495	E	1
2496	I	1
2497	Y	1
2498	P	1
2499	Y	1
2500	V	1
2501	I	2
2502	Q	1
2503	E	1
2504	L	1
2505	R	1
2506	P	1
2507	T	1
2508	L	1
2509	S	1
2510	E	1
2511	L	1
2512	G	1
2513	I	1
2514	S	1
2515	T	1
2516	P	1
2517	E	1
2518	E	1
2519	L	1
2520	G	1
2521	L	1
2522	D	1
2523	K	1
2524	A	1
2525	A	NA
2526	A	NA
2527	P	NA
2528	G	NA
2529	D	2
2530	L	1
2531	A	1
2532	T	2
2533	D	1
2534	E	2
2535	E	1
2536	Q	1
2537	A	1
2538	T	1
2539	G	1
2540	L	2
2541	E	1
2542	R	1
2543	K	1
2544	V	1
2545	M	2
2546	E	2
2547	A	1
2548	M	2
2549	N	1
2550	K	1
2551	G	1
2552	L	2
2553	D	1
2554	P	1
2555	Y	1
2556	S	1
2557	M	1
2558	F	1
2559	R	1
2560	P	1
2561	K	1
2562	R	1
2563	Y	1
2564	A	1
2565	G	1
2566	T	1
2567	K	1
2568	E	1
2569	D	1
2570	P	1
2571	N	1
2572	L	1
2573	V	1
2574	P	1
2575	S	1
2576	I	1
2577	T	2
2578	D	2
2579	K	1
2580	R	1
2581	I	1
2582	V	1
2583	G	1
2584	C	1
2585	V	1
2586	C	1
2587	E	1
2588	E	1
2589	D	1
2590	N	1
2591	S	1
2592	C	2
2593	V	1
2594	I	2
2595	W	1
2596	F	1
2597	W	1
2598	L	1
2599	H	1
2600	K	2
2601	G	1
2602	E	1
2603	A	1
2604	Q	1
2605	R	1
2606	C	1
2607	P	1
2608	S	1
2609	C	1
2610	G	1
2611	S	1
2612	H	1
2613	Y	1
2614	K	1
2615	L	1
2616	I	1
2617	P	1
2618	H	1
2619	E	1
2620	L	1
2621	P	1
2622	H	1
2623	A	NA
2624	A	NA
2625	P	NA
2626	G	NA
2627	D	2
2628	L	1
2629	A	1
2630	T	2
2631	D	1
2632	E	2
2633	E	1
2634	Q	1
2635	A	1
2636	T	1
2637	G	1
2638	L	2
2639	E	1
2640	R	1
2641	K	1
2642	V	1
2643	M	2
2644	E	2
2645	A	1
2646	M	2
2647	N	1
2648	K	1
2649	G	1
2650	L	2
2651	D	1
2652	P	1
2653	Y	1
2654	S	1
2655	M	1
2656	F	1
2657	R	1
2658	P	1
2659	K	1
2660	R	1
2661	Y	1
2662	A	1
2663	G	1
2664	T	1
2665	K	1
2666	E	1
2667	D	1
2668	P	1
2669	N	1
2670	L	1
2671	V	1
2672	P	1
2673	S	1
2674	I	1
2675	T	2
2676	D	2
2677	K	1
2678	R	1
2679	I	1
2680	V	1
2681	G	1
2682	C	1
2683	V	1
2684	C	1
2685	E	1
2686	E	1
2687	D	1
2688	N	1
2689	S	1
2690	C	2
2691	V	1
2692	I	2
2693	W	1
2694	F	1
2695	W	1
2696	L	1
2697	H	1
2698	K	2
2699	G	1
2700	E	1
2701	A	1
2702	Q	1
2703	R	1
2704	C	1
2705	P	1
2706	S	1
2707	C	1
2708	G	1
2709	S	1
2710	H	1
2711	Y	1
2712	K	1
2713	L	1
2714	I	1
2715	P	1
2716	H	1
2717	E	1
2718	L	1
2719	P	1
2720	H	1
2721	A	NA
2722	A	1
2723	S	1
2724	A	2
2725	A	1
2726	H	2
2727	E	1
2728	G	2
2729	G	1
2730	G	1
2731	A	2
2732	R	1
2733	L	2
2734	W	1
2735	K	2
2736	T	2
2737	L	1
2738	S	1
2739	F	2
2740	V	1
2741	V	1
2742	A	1
2743	L	2
2744	P	1
2745	A	1
2746	V	1
2747	G	1
2748	V	1
2749	C	1
2750	M	2
2751	L	2
2752	N	1
2753	C	2
2754	Y	1
2755	L	1
2756	K	1
2757	A	1
2758	Q	1
2759	H	1
2760	E	NA
2761	H	1
2762	E	1
2763	R	2
2764	P	1
2765	E	1
2766	F	1
2767	I	1
2768	R	1
2769	Y	1
2770	A	1
2771	H	1
2772	L	1
2773	R	2
2774	I	2
2775	R	2
2776	S	1
2777	K	1
2778	P	1
2779	F	1
2780	P	1
2781	W	1
2782	G	1
2783	D	2
2784	G	1
2785	N	1
2786	K	1
2787	T	1
2788	L	1
2789	F	1
2790	H	1
2791	N	1
2792	P	1
2793	H	1
2794	V	1
2795	N	1
2796	A	1
2797	L	1
2798	P	1
2799	T	2
2800	G	1
2801	Y	1
2802	E	1
2803	D	1
2804	E	1
2805	N	1
2806	A	NA
2807	A	1
2808	S	1
2809	A	2
2810	A	1
2811	H	2
2812	E	1
2813	G	2
2814	G	1
2815	G	1
2816	A	2
2817	R	1
2818	L	2
2819	W	1
2820	K	2
2821	T	2
2822	L	1
2823	S	1
2824	F	2
2825	V	1
2826	V	1
2827	A	1
2828	L	2
2829	P	1
2830	A	1
2831	V	1
2832	G	1
2833	V	1
2834	C	1
2835	M	2
2836	L	2
2837	N	1
2838	C	2
2839	Y	1
2840	L	1
2841	K	1
2842	A	1
2843	Q	1
2844	H	1
2845	E	NA
2846	H	1
2847	E	1
2848	R	2
2849	P	1
2850	E	1
2851	F	1
2852	I	1
2853	R	1
2854	Y	1
2855	A	1
2856	H	1
2857	L	1
2858	R	2
2859	I	2
2860	R	2
2861	S	1
2862	K	1
2863	P	1
2864	F	1
2865	P	1
2866	W	1
2867	G	1
2868	D	2
2869	G	1
2870	N	1
2871	K	1
2872	T	1
2873	L	1
2874	F	1
2875	H	1
2876	N	1
2877	P	1
2878	H	1
2879	V	1
2880	N	1
2881	A	1
2882	L	1
2883	P	1
2884	T	2
2885	G	1
2886	Y	1
2887	E	1
2888	D	1
2889	E	1
2890	N	1
2891	K	1
2892	L	1
2893	E	2
2894	H	1
2895	Y	1
2896	K	1
2897	T	1
2898	A	1
2899	P	1
2900	F	1
2901	D	1
2902	S	1
2903	R	1
2904	F	1
2905	P	1
2906	N	1
2907	Q	1
2908	N	1
2909	Q	1
2910	T	1
2911	R	1
2912	N	1
2913	C	1
2914	W	1
2915	Q	1
2916	N	1
2917	Y	1
2918	L	1
2919	D	1
2920	F	1
2921	H	1
2922	R	1
2923	C	1
2924	E	1
2925	K	1
2926	A	1
2927	M	1
2928	A	1
2929	A	1
2930	K	1
2931	G	1
2932	A	1
2933	D	1
2934	A	1
2935	T	2
2936	P	1
2937	C	1
2938	Q	1
2939	W	1
2940	Y	1
2941	Y	2
2942	R	1
2943	V	1
2944	Y	1
2945	K	1
2946	S	1
2947	I	1
2948	C	1
2949	P	1
2950	T	1
2951	S	1
2952	W	1
2953	V	1
2954	T	1
2955	T	1
2956	W	1
2957	D	1
2958	E	1
2959	Y	2
2960	R	1
2961	E	1
2962	E	1
2963	G	1
2964	T	1
2965	F	1
2966	P	1
2967	G	1
2968	K	1
2969	I	1
2970	K	1
2971	L	1
2972	E	2
2973	H	1
2974	Y	1
2975	K	1
2976	T	1
2977	A	1
2978	P	1
2979	F	1
2980	D	1
2981	S	1
2982	R	1
2983	F	1
2984	P	1
2985	N	1
2986	Q	1
2987	N	1
2988	Q	1
2989	T	1
2990	R	1
2991	N	1
2992	C	1
2993	W	1
2994	Q	1
2995	N	1
2996	Y	1
2997	L	1
2998	D	1
2999	F	1
3000	H	1
3001	R	1
3002	C	1
3003	E	1
3004	K	1
3005	A	1
3006	M	1
3007	A	1
3008	A	1
3009	K	1
3010	G	1
3011	A	1
3012	D	1
3013	A	1
3014	T	2
3015	P	1
3016	C	1
3017	Q	1
3018	W	1
3019	Y	1
3020	Y	2
3021	R	1
3022	V	1
3023	Y	1
3024	K	1
3025	S	1
3026	I	1
3027	C	1
3028	P	1
3029	T	1
3030	S	1
3031	W	1
3032	V	1
3033	T	1
3034	T	1
3035	W	1
3036	D	1
3037	E	1
3038	Y	2
3039	R	1
3040	E	1
3041	E	1
3042	G	1
3043	T	1
3044	F	1
3045	P	1
3046	G	1
3047	K	1
3048	I	1
3049	S	NA
3050	S	NA
3051	A	NA
3052	L	NA
3053	L	NA
3054	P	NA
3055	K	NA
3056	P	NA
3057	Q	NA
3058	M	NA
3059	R	NA
3060	R	NA
3061	L	NA
3062	L	NA
3063	A	NA
3064	R	NA
3065	R	NA
3066	M	NA
3067	K	NA
3068	F	NA
3069	H	NA
3070	L	NA
3071	F	NA
3072	G	NA
3073	A	NA
3074	F	NA
3075	L	NA
3076	V	NA
3077	S	NA
3078	L	NA
3079	G	NA
3080	C	NA
3081	A	NA
3082	A	NA
3083	L	1
3084	Y	1
3085	K	2
3086	F	1
3087	G	1
3088	V	1
3089	A	2
3090	E	1
3091	P	1
3092	R	1
3093	K	2
3094	R	1
3095	A	1
3096	Y	2
3097	A	1
3098	E	1
3099	F	1
3100	Y	3
3101	K	1
3102	N	1
3103	Y	3
3104	D	1
3105	P	2
3106	M	1
3107	K	2
3108	D	2
3109	F	1
3110	E	1
3111	A	1
3112	M	2
3113	R	2
3114	A	1
3115	A	1
3116	G	1
3117	V	1
3118	F	1
3119	E	2
3120	S	1
3121	A	1
3122	P	2
3123	P	2
3124	K	2
3125	S	NA
3126	S	NA
3127	A	NA
3128	L	NA
3129	L	NA
3130	P	NA
3131	K	NA
3132	P	NA
3133	Q	NA
3134	M	NA
3135	R	NA
3136	R	NA
3137	L	NA
3138	L	NA
3139	A	NA
3140	R	NA
3141	R	NA
3142	M	NA
3143	K	NA
3144	F	NA
3145	H	NA
3146	L	NA
3147	F	NA
3148	G	NA
3149	A	NA
3150	F	NA
3151	L	NA
3152	V	NA
3153	S	NA
3154	L	NA
3155	G	NA
3156	C	NA
3157	A	NA
3158	A	NA
3159	L	1
3160	Y	1
3161	K	2
3162	F	1
3163	G	1
3164	V	1
3165	A	2
3166	E	1
3167	P	1
3168	R	1
3169	K	2
3170	R	1
3171	A	1
3172	Y	2
3173	A	1
3174	E	1
3175	F	1
3176	Y	3
3177	K	1
3178	N	1
3179	Y	3
3180	D	1
3181	P	2
3182	M	1
3183	K	2
3184	D	2
3185	F	1
3186	E	1
3187	A	1
3188	M	2
3189	R	2
3190	A	1
3191	A	1
3192	G	1
3193	V	1
3194	F	1
3195	E	2
3196	S	1
3197	A	1
3198	P	2
3199	P	2
3200	K	2
3201	L	2
3202	E	1
3203	N	2
3204	R	2
3205	V	2
3206	P	1
3207	E	2
3208	K	1
3209	Q	1
3210	K	1
3211	L	1
3212	F	1
3213	Q	1
3214	E	1
3215	D	1
3216	N	1
3217	G	2
3218	L	3
3219	P	2
3220	V	1
3221	Y	2
3222	L	1
3223	K	2
3224	G	1
3225	G	2
3226	I	1
3227	M	1
3228	D	2
3229	G	1
3230	L	1
3231	L	1
3232	Y	1
3233	R	1
3234	V	1
3235	T	1
3236	M	1
3237	G	1
3238	L	1
3239	T	1
3240	V	1
3241	F	1
3242	G	1
3243	T	2
3244	G	1
3245	Y	1
3246	V	3
3247	L	2
3248	Y	1
3249	E	1
3250	L	2
3251	M	3
3252	M	1
3253	A	2
3254	S	2
3255	M	2
3256	P	3
3257	K	3
3258	K	2
3259	Q	1
3260	K	1
3261	L	2
3262	E	1
3263	N	2
3264	R	2
3265	V	2
3266	P	1
3267	E	2
3268	K	1
3269	Q	1
3270	K	1
3271	L	1
3272	F	1
3273	Q	1
3274	E	1
3275	D	1
3276	N	1
3277	G	2
3278	L	3
3279	P	2
3280	V	1
3281	Y	2
3282	L	1
3283	K	2
3284	G	1
3285	G	2
3286	I	1
3287	M	1
3288	D	2
3289	G	1
3290	L	1
3291	L	1
3292	Y	1
3293	R	1
3294	V	1
3295	T	1
3296	M	1
3297	G	1
3298	L	1
3299	T	1
3300	V	1
3301	F	1
3302	G	1
3303	T	2
3304	G	1
3305	Y	1
3306	V	3
3307	L	2
3308	Y	1
3309	E	1
3310	L	2
3311	M	3
3312	M	1
3313	A	2
3314	S	2
3315	M	2
3316	P	3
3317	K	3
3318	K	2
3319	Q	1
3320	K	1
3321	T	NA
3322	H	1
3323	H	2
3324	R	2
3325	K	2
3326	H	2
3327	E	2
3328	P	2
3329	N	2
3330	F	2
3331	H	2
3332	D	2
3333	K	3
3334	Y	1
3335	G	1
3336	N	2
3337	L	2
3338	V	2
3339	L	2
3340	I	1
3341	G	1
3342	G	1
3343	A	1
3344	A	2
3345	V	1
3346	F	1
3347	A	2
3348	T	1
3349	V	2
3350	W	1
3351	G	1
3352	Y	2
3353	V	1
3354	F	1
3355	T	1
3356	K	1
3357	S	1
3358	G	1
3359	M	1
3360	E	2
3361	W	1
3362	G	1
3363	L	1
3364	S	1
3365	P	1
3366	V	1
3367	G	2
3368	R	2
3369	V	1
3370	T	2
3371	P	2
3372	K	1
3373	E	1
3374	W	2
3375	R	1
3376	E	1
3377	T	NA
3378	H	1
3379	H	2
3380	R	2
3381	K	2
3382	H	2
3383	E	2
3384	P	2
3385	N	2
3386	F	2
3387	H	2
3388	D	2
3389	K	3
3390	Y	1
3391	G	1
3392	N	2
3393	L	2
3394	V	2
3395	L	2
3396	I	1
3397	G	1
3398	G	1
3399	A	1
3400	A	2
3401	V	1
3402	F	1
3403	A	2
3404	T	1
3405	V	2
3406	W	1
3407	G	1
3408	Y	2
3409	V	1
3410	F	1
3411	T	1
3412	K	1
3413	S	1
3414	G	1
3415	M	1
3416	E	2
3417	W	1
3418	G	1
3419	L	1
3420	S	1
3421	P	1
3422	V	1
3423	G	2
3424	R	2
3425	V	1
3426	T	2
3427	P	2
3428	K	1
3429	E	1
3430	W	2
3431	R	1
3432	E	1
3433	S	1
3434	H	2
3435	Y	2
3436	E	2
3437	D	2
3438	G	2
3439	P	1
3440	G	1
3441	K	1
3442	N	1
3443	L	2
3444	P	1
3445	F	1
3446	S	1
3447	V	1
3448	E	1
3449	N	1
3450	K	2
3451	W	1
3452	R	1
3453	L	1
3454	L	1
3455	A	1
3456	M	1
3457	M	1
3458	C	1
3459	A	1
3460	F	1
3461	F	1
3462	G	1
3463	S	1
3464	G	1
3465	F	1
3466	A	1
3467	A	1
3468	P	2
3469	F	2
3470	F	1
3471	I	1
3472	V	2
3473	R	1
3474	H	1
3475	Q	1
3476	L	1
3477	L	1
3478	K	1
3479	K	2
3480	S	1
3481	H	2
3482	Y	2
3483	E	2
3484	D	2
3485	G	2
3486	P	1
3487	G	1
3488	K	1
3489	N	1
3490	L	2
3491	P	1
3492	F	1
3493	S	1
3494	V	1
3495	E	1
3496	N	1
3497	K	2
3498	W	1
3499	R	1
3500	L	1
3501	L	1
3502	A	1
3503	M	1
3504	M	1
3505	C	1
3506	A	1
3507	F	1
3508	F	1
3509	G	1
3510	S	1
3511	G	1
3512	F	1
3513	A	1
3514	A	1
3515	P	2
3516	F	2
3517	F	1
3518	I	1
3519	V	2
3520	R	1
3521	H	1
3522	Q	1
3523	L	1
3524	L	1
3525	K	1
3526	K	2
3527	I	2
3528	V	2
3529	S	1
3530	G	2
3531	P	1
3532	P	1
3533	Q	1
3534	H	2
3535	P	1
3536	L	2
3537	G	2
3538	T	2
3539	A	2
3540	E	1
3541	S	2
3542	V	2
3543	V	2
3544	G	1
3545	L	2
3546	L	2
3547	A	2
3548	M	1
3549	F	2
3550	V	2
3551	T	2
3552	C	2
3553	L	1
3554	G	1
3555	P	1
3556	A	1
3557	A	1
3558	W	1
3559	V	1
3560	L	1
3561	S	2
3562	H	1
3563	L	1
3564	E	2
3565	D	1
3566	Y	1
3567	K	1
3568	K	1
3569	R	1
3570	E	1
3571	I	2
3572	V	2
3573	S	1
3574	G	2
3575	P	1
3576	P	1
3577	Q	1
3578	H	2
3579	P	1
3580	L	2
3581	G	2
3582	T	2
3583	A	2
3584	E	1
3585	S	2
3586	V	2
3587	V	2
3588	G	1
3589	L	2
3590	L	2
3591	A	2
3592	M	1
3593	F	2
3594	V	2
3595	T	2
3596	C	2
3597	L	1
3598	G	1
3599	P	1
3600	A	1
3601	A	1
3602	W	1
3603	V	1
3604	L	1
3605	S	2
3606	H	1
3607	L	1
3608	E	2
3609	D	1
3610	Y	1
3611	K	1
3612	K	1
3613	R	1
3614	E	1
3615	A	NA
3616	L	1
3617	Y	1
3618	V	1
3619	M	1
3620	R	1
3621	L	2
3622	A	1
3623	V	1
3624	F	1
3625	N	2
3626	P	1
3627	D	1
3628	V	2
3629	C	1
3630	W	1
3631	D	2
3632	K	1
3633	K	1
3634	N	1
3635	N	1
3636	P	1
3637	E	1
3638	P	1
3639	W	2
3640	N	1
3641	K	1
3642	L	1
3643	A	1
3644	P	1
3645	N	1
3646	D	1
3647	Q	1
3648	Y	2
3649	K	1
3650	F	1
3651	Y	1
3652	S	1
3653	V	1
3654	N	1
3655	V	1
3656	D	1
3657	Y	1
3658	S	2
3659	K	2
3660	L	1
3661	K	2
3662	K	1
3663	D	1
3664	R	1
3665	P	1
3666	D	3
3667	F	2
3668	A	NA
3669	L	1
3670	Y	1
3671	V	1
3672	M	1
3673	R	1
3674	L	2
3675	A	1
3676	V	1
3677	F	1
3678	N	2
3679	P	1
3680	D	1
3681	V	2
3682	C	1
3683	W	1
3684	D	2
3685	K	1
3686	K	1
3687	N	1
3688	N	1
3689	P	1
3690	E	1
3691	P	1
3692	W	2
3693	N	1
3694	K	1
3695	L	1
3696	A	1
3697	P	1
3698	N	1
3699	D	1
3700	Q	1
3701	Y	2
3702	K	1
3703	F	1
3704	Y	1
3705	S	1
3706	V	1
3707	N	1
3708	V	1
3709	D	1
3710	Y	1
3711	S	2
3712	K	2
3713	L	1
3714	K	2
3715	K	1
3716	D	1
3717	R	1
3718	P	1
3719	D	3
3720	F	2
