index	residue	class	contact
1	V	1	0
2	T	1	0
3	F	1	0
4	I	1	0
5	N	1	0
6	R	1	1
7	W	1	1
8	L	1	0
9	F	1	0
10	S	1	0
11	T	1	0
12	N	1	0
13	H	1	0
14	K	1	1
15	D	1	1
16	I	1	0
17	G	1	0
18	T	1	1
19	L	1	1
20	Y	1	0
21	L	1	0
22	I	1	1
23	F	1	0
24	G	1	0
25	T	1	1
26	W	1	1
27	A	1	0
28	G	1	0
29	M	1	1
30	A	1	1
31	G	1	1
32	T	1	1
33	A	1	1
34	L	1	1
35	S	1	0
36	L	1	1
37	L	1	1
38	I	1	0
39	R	1	0
40	A	1	1
41	E	1	0
42	L	1	0
43	G	1	0
44	Q	1	1
45	P	1	1
46	G	1	1
47	T	1	0
48	L	1	1
49	L	1	1
50	G	1	1
51	D	1	0
52	D	1	0
53	Q	1	0
54	I	1	1
55	Y	1	0
56	N	1	0
57	V	1	1
58	I	1	1
59	V	1	0
60	T	1	0
61	A	1	1
62	H	1	0
63	A	1	0
64	F	1	0
65	V	1	0
66	M	1	0
67	I	1	0
68	F	1	0
69	F	1	0
70	M	1	0
71	V	1	0
72	M	1	0
73	P	1	0
74	I	1	0
75	M	1	0
76	I	1	0
77	G	1	0
78	G	1	0
79	F	1	0
80	G	1	0
81	N	1	0
82	W	1	0
83	L	1	0
84	V	1	0
85	P	1	0
86	L	1	0
87	M	1	0
88	I	1	0
89	G	1	0
90	A	1	0
91	P	1	0
92	D	1	0
93	M	1	0
94	A	1	0
95	F	1	0
96	P	1	0
97	R	1	0
98	M	1	0
99	N	1	0
100	N	1	0
101	M	1	0
102	S	1	0
103	F	1	0
104	W	1	0
105	L	1	0
106	L	1	0
107	P	1	0
108	P	1	0
109	S	1	0
110	F	1	0
111	L	1	0
112	L	1	0
113	L	1	0
114	L	1	1
115	A	1	1
116	S	1	0
117	S	1	1
118	T	1	1
119	V	1	1
120	E	1	0
121	A	1	1
122	G	1	1
123	A	1	0
124	G	1	0
125	T	1	0
126	G	1	0
127	W	1	0
128	T	1	0
129	V	1	0
130	Y	1	0
131	P	1	0
132	P	1	0
133	L	1	0
134	A	1	0
135	G	1	0
136	N	1	1
137	L	1	1
138	A	1	0
139	H	1	0
140	A	1	0
141	G	1	0
142	A	1	1
143	S	1	0
144	V	1	0
145	D	1	0
146	L	1	0
147	A	1	0
148	I	1	0
149	F	1	0
150	S	1	0
151	L	1	0
152	H	1	0
153	L	1	0
154	A	1	0
155	G	1	0
156	V	1	0
157	S	1	0
158	S	1	0
159	I	1	0
160	L	1	0
161	G	1	0
162	A	1	0
163	I	1	0
164	N	1	0
165	F	1	0
166	I	1	0
167	T	1	0
168	T	1	0
169	I	1	0
170	I	1	0
171	N	1	0
172	M	1	0
173	K	1	0
174	P	1	0
175	P	1	1
176	A	1	1
177	L	1	1
178	S	1	0
179	Q	1	0
180	Y	1	1
181	Q	1	1
182	T	1	0
183	P	1	0
184	L	1	0
185	F	1	0
186	V	1	0
187	W	1	0
188	S	1	0
189	V	1	0
190	L	1	0
191	I	1	0
192	T	1	0
193	A	1	0
194	I	1	0
195	L	1	0
196	L	1	0
197	L	1	0
198	L	1	0
199	S	1	0
200	L	1	0
201	P	1	0
202	V	1	0
203	L	1	0
204	A	1	0
205	A	1	0
206	G	1	0
207	I	1	0
208	T	1	0
209	M	1	0
210	L	1	0
211	L	1	0
212	T	1	0
213	D	1	0
214	R	1	1
215	N	1	1
216	L	1	1
217	N	1	1
218	T	1	0
219	T	1	1
220	F	1	0
221	F	1	0
222	D	1	1
223	P	1	0
224	A	1	1
225	G	1	1
226	G	1	1
227	G	1	0
228	D	1	0
229	P	1	0
230	I	1	0
231	L	1	0
232	Y	1	0
233	Q	1	0
234	H	1	0
235	L	1	0
236	F	1	0
237	W	1	0
238	F	1	0
239	F	1	0
240	G	1	0
241	H	1	0
242	P	1	0
243	E	1	0
244	V	1	0
245	Y	1	0
246	I	1	0
247	L	1	0
248	I	1	0
249	L	1	0
250	P	1	0
251	G	1	0
252	F	1	0
253	G	1	0
254	M	1	0
255	I	1	0
256	S	1	0
257	H	1	0
258	V	1	0
259	V	1	0
260	A	1	0
261	Y	1	0
262	Y	1	0
263	A	1	0
264	G	1	1
265	K	1	0
266	K	1	1
267	E	1	1
268	P	1	0
269	F	1	0
270	G	1	0
271	Y	1	1
272	M	1	1
273	G	1	0
274	M	1	0
275	V	1	0
276	W	1	0
277	A	1	0
278	M	1	0
279	L	1	0
280	S	1	0
281	I	1	0
282	G	1	0
283	F	1	0
284	L	1	0
285	G	1	0
286	F	1	0
287	I	1	0
288	V	1	0
289	W	1	0
290	A	1	0
291	H	1	0
292	H	1	0
293	M	1	0
294	F	1	0
295	T	1	0
296	V	1	0
297	G	1	1
298	M	1	1
299	D	1	1
300	V	1	1
301	D	1	1
302	T	1	1
303	R	1	0
304	A	1	0
305	Y	1	1
306	F	1	0
307	T	1	0
308	S	1	0
309	A	1	0
310	T	1	0
311	M	1	0
312	I	1	0
313	I	1	0
314	A	1	0
315	I	1	0
316	P	1	0
317	T	1	0
318	G	1	0
319	I	1	0
320	K	1	0
321	V	1	0
322	F	1	0
323	S	1	0
324	W	1	0
325	L	1	0
326	A	1	0
327	T	1	0
328	L	1	0
329	H	1	1
330	G	1	1
331	G	1	1
332	T	1	1
333	I	1	0
334	K	1	0
335	W	1	0
336	D	1	0
337	P	1	0
338	P	1	0
339	M	1	0
340	L	1	0
341	W	1	0
342	A	1	0
343	L	1	0
344	G	1	0
345	F	1	0
346	I	1	0
347	F	1	0
348	L	1	0
349	F	1	0
350	T	1	0
351	I	1	0
352	G	1	0
353	G	1	0
354	L	1	0
355	T	1	0
356	G	1	0
357	I	1	0
358	V	1	0
359	L	1	0
360	A	1	0
361	N	1	0
362	S	1	0
363	S	1	0
364	L	1	0
365	D	1	0
366	I	1	0
367	A	1	0
368	L	1	0
369	H	1	0
370	D	1	0
371	T	1	0
372	Y	1	0
373	Y	1	0
374	V	1	0
375	V	1	0
376	A	1	0
377	H	1	0
378	F	1	0
379	H	1	0
380	Y	1	0
381	V	1	0
382	L	1	0
383	S	1	0
384	M	1	0
385	G	1	0
386	A	1	0
387	V	1	0
388	F	1	0
389	A	1	0
390	I	1	0
391	L	1	0
392	A	1	0
393	G	1	0
394	F	1	0
395	T	1	0
396	H	1	0
397	W	1	0
398	F	1	0
399	P	1	1
400	L	1	0
401	F	1	0
402	T	1	1
403	G	1	1
404	F	1	1
405	T	1	1
406	L	1	0
407	H	1	0
408	P	1	1
409	S	1	1
410	W	1	0
411	T	1	0
412	K	1	1
413	A	2	1
414	H	1	0
415	F	1	0
416	G	1	1
417	V	1	1
418	M	1	0
419	F	1	0
420	T	1	1
421	G	1	0
422	V	1	0
423	N	1	0
424	L	1	0
425	T	1	0
426	F	1	0
427	F	1	0
428	P	1	0
429	Q	1	0
430	H	1	0
431	F	1	0
432	L	1	0
433	G	1	0
434	L	1	0
435	A	1	0
436	G	1	0
437	M	1	0
438	P	1	0
439	R	1	0
440	R	1	0
441	Y	1	0
442	S	1	0
443	D	1	0
444	Y	1	0
445	P	1	0
446	D	1	1
447	A	1	0
448	Y	1	0
449	T	1	1
450	L	1	1
451	W	1	0
452	N	1	0
453	T	1	1
454	L	1	0
455	S	1	0
456	S	1	0
457	I	1	1
458	G	1	1
459	S	1	0
460	L	1	1
461	I	1	1
462	S	1	0
463	M	1	1
464	T	1	1
465	A	1	1
466	V	1	0
467	I	1	1
468	M	1	1
469	L	1	0
470	M	1	1
471	F	1	1
472	I	1	0
473	V	1	1
474	W	1	1
475	E	1	1
476	A	1	0
477	F	1	1
478	S	1	1
479	A	1	1
480	K	1	1
481	R	1	1
482	K	1	1
483	V	1	1
484	L	2	1
485	Q	1	1
486	P	1	1
487	E	1	1
488	L	1	0
489	T	1	1
490	A	2	1
491	T	1	1
492	N	1	0
493	I	1	1
494	E	1	0
495	W	1	0
496	I	1	1
497	H	1	0
498	G	1	1
499	C	1	1
500	P	1	1
501	P	1	0
502	P	1	1
503	Y	1	1
504	H	1	0
505	T	1	0
506	F	1	1
507	E	1	0
508	E	1	1
509	P	1	1
510	A	1	1
511	F	1	1
512	V	1	1
513	Q	1	1
514	V	1	1
515	Q	NA	1
516	E	NA	1
517	M	1	1
518	A	1	0
519	N	1	1
520	H	1	1
521	S	1	1
522	Q	1	1
523	L	1	0
524	G	1	0
525	F	1	0
526	Q	1	1
527	D	1	1
528	A	1	1
529	S	1	0
530	S	1	0
531	P	1	0
532	I	1	0
533	M	1	0
534	E	1	1
535	E	1	0
536	L	1	0
537	V	1	1
538	E	1	1
539	F	1	0
540	H	1	0
541	D	1	1
542	H	1	1
543	A	1	0
544	L	1	1
545	M	1	1
546	V	1	1
547	A	1	0
548	L	1	1
549	A	1	1
550	I	1	1
551	C	1	0
552	S	1	1
553	L	1	1
554	V	1	0
555	L	1	0
556	Y	1	1
557	L	1	1
558	L	1	0
559	T	1	0
560	L	1	1
561	M	1	0
562	L	1	0
563	M	1	0
564	E	1	1
565	K	1	1
566	L	1	1
567	S	1	1
568	S	1	1
569	N	1	1
570	T	1	1
571	V	1	0
572	D	1	0
573	A	1	0
574	Q	1	0
575	E	1	0
576	V	1	0
577	E	1	0
578	L	1	0
579	I	1	0
580	W	1	0
581	T	1	0
582	I	1	0
583	L	1	0
584	P	1	0
585	A	1	0
586	I	1	0
587	V	1	0
588	L	1	0
589	V	1	0
590	L	1	0
591	L	1	0
592	A	1	0
593	L	1	0
594	P	1	0
595	S	1	0
596	L	1	0
597	Q	1	0
598	I	1	0
599	L	1	0
600	Y	1	1
601	M	1	1
602	M	1	0
603	D	1	1
604	E	1	1
605	I	1	1
606	D	1	1
607	E	1	1
608	P	1	1
609	D	1	1
610	L	1	1
611	T	1	1
612	L	1	0
613	K	1	1
614	A	1	0
615	I	1	1
616	G	1	0
617	H	1	0
618	Q	1	0
619	W	1	0
620	Y	1	0
621	W	1	0
622	T	1	0
623	Y	1	0
624	E	1	1
625	Y	1	0
626	T	1	1
627	D	1	1
628	F	1	0
629	K	1	0
630	D	1	1
631	L	1	0
632	S	1	1
633	F	1	0
634	D	1	0
635	S	1	0
636	Y	1	0
637	M	1	0
638	T	2	0
639	P	1	0
640	T	1	1
641	T	1	0
642	D	1	0
643	L	1	1
644	P	1	0
645	L	2	1
646	G	1	1
647	H	1	1
648	F	1	1
649	R	1	1
650	L	1	0
651	L	1	0
652	E	1	0
653	V	1	0
654	D	1	0
655	H	1	0
656	R	1	1
657	I	1	0
658	V	1	1
659	I	1	0
660	P	1	0
661	M	1	1
662	E	1	1
663	S	1	0
664	P	1	0
665	I	1	0
666	R	1	1
667	V	1	0
668	I	1	1
669	I	1	0
670	T	1	1
671	A	1	0
672	D	1	1
673	D	1	0
674	V	1	0
675	L	1	0
676	H	1	0
677	S	1	0
678	W	1	0
679	A	1	0
680	V	1	0
681	P	1	0
682	A	1	0
683	L	1	0
684	G	1	0
685	V	1	0
686	K	1	0
687	T	1	1
688	D	1	0
689	A	1	0
690	I	1	0
691	P	1	0
692	G	1	1
693	R	1	1
694	L	1	1
695	N	1	1
696	Q	1	1
697	T	1	1
698	S	1	0
699	F	1	0
700	I	1	0
701	T	1	0
702	T	1	1
703	R	1	1
704	P	1	1
705	G	1	1
706	V	1	1
707	F	1	0
708	Y	1	0
709	G	1	0
710	Q	1	0
711	C	1	0
712	S	1	0
713	E	1	0
714	I	1	0
715	C	1	0
716	G	1	0
717	A	1	0
718	N	1	0
719	H	1	0
720	S	1	0
721	Y	1	0
722	M	1	0
723	P	1	0
724	I	1	0
725	V	1	0
726	V	1	0
727	E	1	1
728	S	1	0
729	T	1	1
730	P	1	1
731	L	1	0
732	K	2	0
733	H	1	1
734	F	1	1
735	E	1	0
736	A	2	1
737	W	1	1
738	S	1	0
739	S	1	0
740	L	1	0
741	L	2	0
742	S	1	0
743	S	1	0
744	M	1	0
745	A	1	0
746	H	1	0
747	Q	1	0
748	A	1	1
749	H	1	1
750	S	1	1
751	Y	1	0
752	H	1	0
753	M	1	0
754	V	1	0
755	D	1	1
756	P	1	1
757	S	1	1
758	P	1	1
759	W	1	1
760	P	1	0
761	I	1	0
762	F	2	1
763	G	1	1
764	A	1	0
765	A	2	1
766	A	1	1
767	A	1	0
768	L	1	1
769	L	1	1
770	T	1	0
771	T	1	0
772	S	1	1
773	G	1	0
774	L	1	0
775	I	1	0
776	M	1	1
777	W	1	1
778	F	1	1
779	H	1	0
780	Y	1	1
781	S	1	1
782	S	1	0
783	T	1	0
784	T	2	0
785	L	1	1
786	L	1	0
787	T	2	0
788	M	2	1
789	G	1	0
790	L	1	0
791	L	2	1
792	S	1	1
793	M	1	0
794	L	2	0
795	L	1	1
796	V	1	1
797	M	1	0
798	L	2	0
799	Q	1	1
800	W	1	0
801	W	1	0
802	R	1	0
803	D	1	1
804	V	1	0
805	V	1	0
806	R	1	1
807	E	1	1
808	S	1	0
809	T	1	1
810	F	1	1
811	Q	1	1
812	G	1	1
813	H	1	1
814	H	1	1
815	T	1	1
816	P	1	1
817	T	1	1
818	V	1	0
819	Q	1	0
820	K	1	0
821	G	1	0
822	L	1	0
823	R	1	0
824	Y	1	0
825	G	1	0
826	M	1	0
827	I	1	0
828	L	1	0
829	F	1	0
830	I	1	0
831	T	1	0
832	S	1	0
833	E	1	0
834	A	1	0
835	F	1	0
836	F	1	0
837	F	1	0
838	L	1	0
839	G	1	0
840	F	1	0
841	F	1	0
842	W	1	0
843	A	1	0
844	F	1	0
845	F	1	0
846	H	1	0
847	S	1	0
848	S	1	0
849	L	1	1
850	A	1	1
851	P	1	1
852	T	1	1
853	P	1	1
854	E	1	1
855	L	1	1
856	G	1	1
857	G	1	1
858	Q	1	1
859	W	1	1
860	P	1	0
861	P	1	1
862	T	1	1
863	G	1	1
864	V	1	1
865	K	1	1
866	P	1	0
867	L	1	0
868	N	1	0
869	P	1	0
870	L	1	1
871	E	1	1
872	V	1	1
873	P	1	0
874	L	1	1
875	L	1	1
876	N	1	0
877	T	1	0
878	A	1	1
879	I	1	1
880	L	1	0
881	L	1	1
882	A	1	1
883	S	1	0
884	G	1	0
885	V	1	1
886	T	1	1
887	V	1	0
888	T	1	1
889	W	1	1
890	A	1	0
891	H	1	0
892	H	1	1
893	S	1	1
894	I	1	1
895	T	1	0
896	E	1	1
897	G	2	1
898	N	1	1
899	R	1	1
900	K	1	0
901	Q	1	1
902	A	1	0
903	I	1	0
904	H	2	0
905	A	1	1
906	L	1	0
907	T	2	0
908	L	1	1
909	T	1	0
910	I	1	0
911	L	1	0
912	L	1	0
913	G	1	0
914	F	1	0
915	Y	1	0
916	F	1	0
917	T	1	0
918	A	2	0
919	L	1	0
920	Q	1	0
921	A	1	1
922	M	1	0
923	E	1	0
924	Y	1	1
925	H	1	1
926	E	1	1
927	A	1	1
928	S	1	1
929	F	1	0
930	S	1	1
931	I	1	1
932	A	1	1
933	D	1	1
934	S	1	1
935	V	1	0
936	Y	1	0
937	G	1	0
938	S	1	0
939	T	1	0
940	F	1	0
941	F	1	0
942	V	1	0
943	A	1	0
944	T	1	0
945	G	1	0
946	F	1	0
947	H	1	0
948	G	1	0
949	L	1	0
950	H	1	0
951	V	1	0
952	I	1	0
953	I	1	0
954	G	1	0
955	S	1	0
956	S	1	0
957	F	1	0
958	L	1	0
959	T	2	0
960	V	1	0
961	C	1	0
962	L	1	0
963	L	1	0
964	R	1	0
965	L	1	0
966	I	1	0
967	K	1	1
968	F	1	1
969	H	1	1
970	F	1	1
971	T	1	1
972	P	1	1
973	N	1	1
974	H	1	1
975	H	1	0
976	F	1	0
977	G	1	0
978	F	1	0
979	E	1	0
980	A	1	0
981	A	1	0
982	A	1	0
983	W	1	0
984	Y	1	0
985	W	1	0
986	H	1	0
987	F	1	0
988	V	1	0
989	D	1	0
990	I	1	0
991	I	1	0
992	W	1	0
993	L	1	0
994	F	1	0
995	L	1	0
996	Y	1	0
997	M	1	0
998	S	1	0
999	M	1	0
1000	Y	1	0
1001	W	1	0
1002	W	1	0
1003	G	1	0
1004	S	1	0
1005	A	NA	0
1006	H	NA	0
1007	G	NA	0
1008	H	NA	0
1009	A	NA	0
1010	G	NA	0
1011	V	1	0
1012	V	1	0
1013	K	1	0
1014	A	1	0
1015	D	1	0
1016	D	2	0
1017	F	1	1
1018	S	1	0
1019	H	1	0
1020	P	2	0
1021	A	1	1
1022	Y	1	0
1023	V	1	1
1024	D	1	0
1025	R	2	1
1026	R	1	1
1027	D	1	1
1028	V	1	0
1029	P	1	0
1030	L	1	0
1031	P	1	0
1032	E	1	0
1033	V	1	0
1034	A	1	0
1035	F	1	0
1036	V	1	0
1037	K	1	0
1038	E	1	0
1039	L	1	0
1040	S	1	0
1041	A	2	0
1042	Q	1	0
1043	Q	2	0
1044	K	1	0
1045	A	1	0
1046	L	1	0
1047	K	1	0
1048	E	1	0
1049	K	1	0
1050	E	1	0
1051	K	1	0
1052	A	1	0
1053	S	1	0
1054	W	1	0
1055	T	1	0
1056	A	1	0
1057	L	1	0
1058	S	1	0
1059	V	1	0
1060	D	1	0
1061	E	1	0
1062	K	1	0
1063	V	1	0
1064	E	1	0
1065	L	1	0
1066	Y	1	0
1067	R	1	0
1068	I	1	0
1069	K	1	0
1070	F	1	0
1071	N	1	0
1072	E	1	0
1073	S	1	0
1074	Y	1	0
1075	A	1	0
1076	E	1	0
1077	M	1	0
1078	N	1	0
1079	K	2	0
1080	G	2	0
1081	T	1	0
1082	N	1	0
1083	E	1	1
1084	W	1	0
1085	K	1	0
1086	T	1	1
1087	V	1	1
1088	L	2	0
1089	G	1	1
1090	G	1	1
1091	V	1	1
1092	L	1	0
1093	F	2	0
1094	F	1	1
1095	L	1	1
1096	G	1	0
1097	V	1	1
1098	S	1	1
1099	G	2	1
1100	L	1	0
1101	I	1	1
1102	L	1	1
1103	I	1	0
1104	W	1	0
1105	Q	1	1
1106	K	1	0
1107	M	2	0
1108	Y	2	0
1109	M	1	1
1110	Y	1	1
1111	G	1	1
1112	P	2	0
1113	I	1	1
1114	P	1	1
1115	H	1	1
1116	T	1	1
1117	F	2	1
1118	S	1	0
1119	D	1	0
1120	E	2	0
1121	W	1	1
1122	L	1	0
1123	S	1	0
1124	M	1	1
1125	Q	1	1
1126	T	1	0
1127	K	1	0
1128	R	1	1
1129	M	1	1
1130	L	1	0
1131	D	1	0
1132	M	1	1
1133	R	2	1
1134	I	1	1
1135	N	1	1
1136	P	1	1
1137	V	1	1
1138	E	1	1
1139	G	2	1
1140	I	1	1
1141	S	1	0
1142	A	2	0
1143	Q	2	0
1144	W	2	0
1145	D	1	0
1146	Y	1	0
1147	E	1	0
1148	K	1	0
1149	N	1	0
1150	E	1	0
1151	W	1	0
1152	K	1	0
1153	K	1	0
1154	S	NA	0
1155	H	NA	0
1156	G	1	0
1157	S	1	0
1158	Q	1	0
1159	E	1	0
1160	S	1	0
1161	D	1	0
1162	E	1	0
1163	E	1	0
1164	F	1	0
1165	D	1	0
1166	A	1	0
1167	R	1	0
1168	W	1	0
1169	V	1	0
1170	T	1	0
1171	Y	1	0
1172	F	1	0
1173	N	1	0
1174	K	1	0
1175	P	1	0
1176	D	1	0
1177	I	1	0
1178	D	1	0
1179	A	1	0
1180	W	1	0
1181	E	1	0
1182	L	1	0
1183	R	1	0
1184	K	1	0
1185	G	1	0
1186	V	1	0
1187	N	1	0
1188	T	1	0
1189	L	1	0
1190	V	1	1
1191	G	1	1
1192	Y	1	1
1193	D	1	1
1194	L	1	0
1195	V	1	0
1196	P	1	0
1197	E	1	0
1198	P	1	0
1199	K	1	0
1200	I	1	0
1201	I	1	0
1202	D	1	0
1203	A	1	0
1204	A	1	0
1205	L	1	0
1206	R	1	0
1207	A	1	0
1208	C	1	0
1209	R	1	0
1210	R	1	0
1211	L	1	0
1212	N	1	0
1213	D	1	0
1214	F	1	0
1215	A	1	0
1216	S	1	0
1217	A	1	0
1218	V	1	0
1219	R	1	0
1220	I	1	0
1221	L	1	0
1222	E	1	0
1223	V	1	0
1224	V	1	0
1225	K	1	0
1226	D	1	0
1227	K	1	1
1228	A	1	0
1229	G	1	1
1230	P	1	1
1231	H	1	0
1232	K	1	0
1233	E	1	0
1234	I	1	0
1235	Y	1	0
1236	P	1	0
1237	Y	1	0
1238	V	1	0
1239	I	2	0
1240	Q	1	0
1241	E	1	0
1242	L	1	0
1243	R	1	0
1244	P	1	0
1245	T	1	0
1246	L	1	0
1247	S	1	0
1248	E	1	0
1249	L	1	0
1250	G	1	0
1251	I	1	0
1252	S	1	0
1253	T	1	0
1254	P	1	0
1255	E	1	0
1256	E	1	0
1257	L	1	0
1258	G	1	0
1259	L	1	0
1260	D	1	0
1261	K	1	0
1262	A	1	0
1263	A	NA	0
1264	A	NA	0
1265	P	NA	0
1266	G	NA	1
1267	D	2	1
1268	L	1	1
1269	A	1	1
1270	T	2	1
1271	D	1	1
1272	E	2	0
1273	E	1	0
1274	Q	1	1
1275	A	1	1
1276	T	1	1
1277	G	1	1
1278	L	2	1
1279	E	1	1
1280	R	1	1
1281	K	1	0
1282	V	1	1
1283	M	2	0
1284	E	2	0
1285	A	1	0
1286	M	2	0
1287	N	1	0
1288	K	1	0
1289	G	1	0
1290	L	2	0
1291	D	1	0
1292	P	1	1
1293	Y	1	1
1294	S	1	1
1295	M	1	1
1296	F	1	1
1297	R	1	1
1298	P	1	1
1299	K	1	0
1300	R	1	1
1301	Y	1	0
1302	A	1	0
1303	G	1	1
1304	T	1	0
1305	K	1	0
1306	E	1	0
1307	D	1	0
1308	P	1	0
1309	N	1	1
1310	L	1	0
1311	V	1	1
1312	P	1	1
1313	S	1	1
1314	I	1	1
1315	T	2	1
1316	D	2	0
1317	K	1	0
1318	R	1	1
1319	I	1	1
1320	V	1	1
1321	G	1	1
1322	C	1	1
1323	V	1	1
1324	C	1	1
1325	E	1	1
1326	E	1	1
1327	D	1	0
1328	N	1	1
1329	S	1	1
1330	C	2	1
1331	V	1	1
1332	I	2	1
1333	W	1	1
1334	F	1	1
1335	W	1	1
1336	L	1	0
1337	H	1	0
1338	K	2	0
1339	G	1	0
1340	E	1	0
1341	A	1	0
1342	Q	1	0
1343	R	1	0
1344	C	1	0
1345	P	1	1
1346	S	1	0
1347	C	1	1
1348	G	1	0
1349	S	1	1
1350	H	1	0
1351	Y	1	0
1352	K	1	0
1353	L	1	0
1354	I	1	0
1355	P	1	0
1356	H	1	0
1357	E	1	0
1358	L	1	1
1359	P	1	0
1360	H	1	0
1361	A	NA	0
1362	A	1	0
1363	S	1	0
1364	A	2	0
1365	A	1	0
1366	H	2	0
1367	E	1	0
1368	G	2	0
1369	G	1	1
1370	G	1	1
1371	A	2	1
1372	R	1	0
1373	L	2	0
1374	W	1	1
1375	K	2	1
1376	T	2	0
1377	L	1	1
1378	S	1	1
1379	F	2	0
1380	V	1	0
1381	V	1	1
1382	A	1	1
1383	L	2	1
1384	P	1	0
1385	A	1	1
1386	V	1	1
1387	G	1	0
1388	V	1	0
1389	C	1	1
1390	M	2	1
1391	L	2	0
1392	N	1	1
1393	C	2	1
1394	Y	1	0
1395	L	1	0
1396	K	1	1
1397	A	1	0
1398	Q	1	0
1399	H	1	0
1400	E	NA	0
1401	H	1	0
1402	E	1	0
1403	R	2	1
1404	P	1	1
1405	E	1	0
1406	F	1	0
1407	I	1	1
1408	R	1	0
1409	Y	1	1
1410	A	1	1
1411	H	1	1
1412	L	1	1
1413	R	2	1
1414	I	2	1
1415	R	2	1
1416	S	1	1
1417	K	1	1
1418	P	1	0
1419	F	1	1
1420	P	1	1
1421	W	1	0
1422	G	1	0
1423	D	2	0
1424	G	1	0
1425	N	1	0
1426	K	1	0
1427	T	1	1
1428	L	1	0
1429	F	1	1
1430	H	1	1
1431	N	1	1
1432	P	1	0
1433	H	1	0
1434	V	1	1
1435	N	1	1
1436	A	1	0
1437	L	1	0
1438	P	1	0
1439	T	2	0
1440	G	1	0
1441	Y	1	0
1442	E	1	0
1443	D	1	0
1444	E	1	0
1445	N	1	0
1446	K	1	0
1447	L	1	0
1448	E	2	0
1449	H	1	0
1450	Y	1	0
1451	K	1	1
1452	T	1	1
1453	A	1	1
1454	P	1	1
1455	F	1	1
1456	D	1	0
1457	S	1	0
1458	R	1	0
1459	F	1	0
1460	P	1	0
1461	N	1	1
1462	Q	1	1
1463	N	1	1
1464	Q	1	1
1465	T	1	1
1466	R	1	1
1467	N	1	1
1468	C	1	1
1469	W	1	1
1470	Q	1	0
1471	N	1	0
1472	Y	1	0
1473	L	1	0
1474	D	1	0
1475	F	1	0
1476	H	1	0
1477	R	1	0
1478	C	1	0
1479	E	1	0
1480	K	1	0
1481	A	1	0
1482	M	1	0
1483	A	1	0
1484	A	1	0
1485	K	1	0
1486	G	1	0
1487	A	1	0
1488	D	1	0
1489	A	1	0
1490	T	2	0
1491	P	1	0
1492	C	1	0
1493	Q	1	0
1494	W	1	0
1495	Y	1	0
1496	Y	2	0
1497	R	1	0
1498	V	1	0
1499	Y	1	0
1500	K	1	1
1501	S	1	1
1502	I	1	1
1503	C	1	0
1504	P	1	1
1505	T	1	1
1506	S	1	1
1507	W	1	0
1508	V	1	0
1509	T	1	0
1510	T	1	0
1511	W	1	0
1512	D	1	0
1513	E	1	0
1514	Y	2	0
1515	R	1	0
1516	E	1	0
1517	E	1	0
1518	G	1	0
1519	T	1	0
1520	F	1	0
1521	P	1	1
1522	G	1	1
1523	K	1	1
1524	I	1	0
1525	S	NA	0
1526	S	NA	0
1527	A	NA	0
1528	L	NA	0
1529	L	NA	0
1530	P	NA	0
1531	K	NA	0
1532	P	NA	0
1533	Q	NA	0
1534	M	NA	0
1535	R	NA	0
1536	R	NA	0
1537	L	NA	1
1538	L	NA	1
1539	A	NA	0
1540	R	NA	0
1541	R	NA	1
1542	M	NA	1
1543	K	NA	0
1544	F	NA	0
1545	H	NA	1
1546	L	NA	0
1547	F	NA	0
1548	G	NA	1
1549	A	NA	1
1550	F	NA	1
1551	L	NA	0
1552	V	NA	1
1553	S	NA	1
1554	L	NA	1
1555	G	NA	0
1556	C	NA	1
1557	A	NA	1
1558	A	NA	0
1559	L	1	0
1560	Y	1	1
1561	K	2	1
1562	F	1	0
1563	G	1	0
1564	V	1	1
1565	A	2	1
1566	E	1	0
1567	P	1	0
1568	R	1	1
1569	K	2	1
1570	R	1	0
1571	A	1	0
1572	Y	2	1
1573	A	1	0
1574	E	1	0
1575	F	1	0
1576	Y	3	1
1577	K	1	0
1578	N	1	0
1579	Y	3	1
1580	D	1	0
1581	P	2	1
1582	M	1	1
1583	K	2	0
1584	D	2	1
1585	F	1	1
1586	E	1	0
1587	A	1	0
1588	M	2	1
1589	R	2	0
1590	A	1	0
1591	A	1	0
1592	G	1	0
1593	V	1	1
1594	F	1	1
1595	E	2	1
1596	S	1	1
1597	A	1	1
1598	P	2	0
1599	P	2	0
1600	K	2	0
1601	L	2	0
1602	E	1	0
1603	N	2	1
1604	R	2	1
1605	V	2	1
1606	P	1	0
1607	E	2	0
1608	K	1	1
1609	Q	1	1
1610	K	1	0
1611	L	1	1
1612	F	1	1
1613	Q	1	1
1614	E	1	0
1615	D	1	0
1616	N	1	0
1617	G	2	0
1618	L	3	0
1619	P	2	1
1620	V	1	1
1621	Y	2	1
1622	L	1	0
1623	K	2	1
1624	G	1	0
1625	G	2	0
1626	I	1	0
1627	M	1	0
1628	D	2	0
1629	G	1	0
1630	L	1	0
1631	L	1	1
1632	Y	1	1
1633	R	1	0
1634	V	1	1
1635	T	1	1
1636	M	1	1
1637	G	1	0
1638	L	1	1
1639	T	1	1
1640	V	1	1
1641	F	1	0
1642	G	1	1
1643	T	2	1
1644	G	1	0
1645	Y	1	1
1646	V	3	1
1647	L	2	0
1648	Y	1	0
1649	E	1	1
1650	L	2	1
1651	M	3	0
1652	M	1	0
1653	A	2	1
1654	S	2	1
1655	M	2	0
1656	P	3	0
1657	K	3	0
1658	K	2	0
1659	Q	1	0
1660	K	1	0
1661	T	NA	0
1662	H	1	0
1663	H	2	0
1664	R	2	0
1665	K	2	0
1666	H	2	0
1667	E	2	0
1668	P	2	0
1669	N	2	0
1670	F	2	0
1671	H	2	1
1672	D	2	0
1673	K	3	0
1674	Y	1	0
1675	G	1	0
1676	N	2	0
1677	L	2	0
1678	V	2	0
1679	L	2	0
1680	I	1	0
1681	G	1	0
1682	G	1	0
1683	A	1	0
1684	A	2	0
1685	V	1	0
1686	F	1	0
1687	A	2	0
1688	T	1	0
1689	V	2	0
1690	W	1	0
1691	G	1	0
1692	Y	2	0
1693	V	1	0
1694	F	1	0
1695	T	1	0
1696	K	1	0
1697	S	1	0
1698	G	1	0
1699	M	1	1
1700	E	2	1
1701	W	1	1
1702	G	1	1
1703	L	1	1
1704	S	1	1
1705	P	1	1
1706	V	1	0
1707	G	2	0
1708	R	2	0
1709	V	1	0
1710	T	2	0
1711	P	2	0
1712	K	1	0
1713	E	1	0
1714	W	2	1
1715	R	1	1
1716	E	1	0
1717	S	1	1
1718	H	2	0
1719	Y	2	1
1720	E	2	0
1721	D	2	1
1722	G	2	1
1723	P	1	1
1724	G	1	1
1725	K	1	0
1726	N	1	1
1727	L	2	1
1728	P	1	1
1729	F	1	0
1730	S	1	0
1731	V	1	1
1732	E	1	0
1733	N	1	0
1734	K	2	1
1735	W	1	0
1736	R	1	0
1737	L	1	1
1738	L	1	1
1739	A	1	0
1740	M	1	0
1741	M	1	1
1742	C	1	0
1743	A	1	0
1744	F	1	1
1745	F	1	1
1746	G	1	1
1747	S	1	0
1748	G	1	1
1749	F	1	1
1750	A	1	1
1751	A	1	1
1752	P	2	1
1753	F	2	1
1754	F	1	0
1755	I	1	1
1756	V	2	1
1757	R	1	0
1758	H	1	1
1759	Q	1	1
1760	L	1	1
1761	L	1	0
1762	K	1	0
1763	K	2	0
1764	I	2	1
1765	V	2	1
1766	S	1	1
1767	G	2	1
1768	P	1	1
1769	P	1	1
1770	Q	1	1
1771	H	2	1
1772	P	1	1
1773	L	2	1
1774	G	2	0
1775	T	2	0
1776	A	2	0
1777	E	1	0
1778	S	2	1
1779	V	2	0
1780	V	2	0
1781	G	1	1
1782	L	2	1
1783	L	2	0
1784	A	2	0
1785	M	1	1
1786	F	2	1
1787	V	2	0
1788	T	2	0
1789	C	2	1
1790	L	1	0
1791	G	1	0
1792	P	1	0
1793	A	1	1
1794	A	1	0
1795	W	1	0
1796	V	1	0
1797	L	1	1
1798	S	2	0
1799	H	1	0
1800	L	1	1
1801	E	2	0
1802	D	1	0
1803	Y	1	0
1804	K	1	1
1805	K	1	0
1806	R	1	0
1807	E	1	0
1808	A	NA	0
1809	L	1	0
1810	Y	1	1
1811	V	1	0
1812	M	1	0
1813	R	1	0
1814	L	2	1
1815	A	1	0
1816	V	1	0
1817	F	1	0
1818	N	2	0
1819	P	1	0
1820	D	1	1
1821	V	2	1
1822	C	1	1
1823	W	1	1
1824	D	2	0
1825	K	1	1
1826	K	1	0
1827	N	1	0
1828	N	1	0
1829	P	1	0
1830	E	1	0
1831	P	1	0
1832	W	2	0
1833	N	1	0
1834	K	1	0
1835	L	1	0
1836	A	1	0
1837	P	1	0
1838	N	1	0
1839	D	1	0
1840	Q	1	0
1841	Y	2	0
1842	K	1	1
1843	F	1	1
1844	Y	1	1
1845	S	1	1
1846	V	1	1
1847	N	1	1
1848	V	1	1
1849	D	1	0
1850	Y	1	0
1851	S	2	0
1852	K	2	0
1853	L	1	0
1854	K	2	0
1855	K	1	0
1856	D	1	0
1857	R	1	0
1858	P	1	0
1859	D	3	0
1860	F	2	0
