site	class
1	1
2	2
3	2
4	2
5	2
6	2
7	2
8	3
9	1
10	1
11	1
12	1
13	1
14	1
15	1
16	1
17	1
18	1
19	1
20	1
21	1
22	1
23	1
24	1
25	1
26	1
27	1
28	1
29	1
30	1
31	1
32	1
33	1
34	2
35	1
36	1
37	1
38	1
39	2
40	1
41	2
42	1
43	1
44	1
45	1
46	1
47	1
48	2
49	1
50	1
51	2
52	1
53	1
54	3
55	2
56	1
57	1
58	1
59	1
60	1
61	1
62	2
63	1
64	1
65	1
66	2
67	1
68	3
69	1
70	2
71	1
72	1
73	1
74	2
75	1
76	2
77	1
78	1
79	2
80	1
81	1
82	1
83	2
84	2
85	1
86	2
87	1
88	2
89	1
90	1
91	1
92	1
93	1
94	2
95	2
96	1
97	1
98	1
99	2
100	1
101	2
102	2
103	1
104	1
105	2
106	2
107	1
108	1
109	2
110	2
111	1
112	1
113	2
114	2
115	1
116	3
117	2
118	1
119	3
120	2
121	2
122	1
123	2
124	1
125	2
126	1
127	1
128	1
129	1
130	1
131	1
132	1
133	1
134	1
135	1
136	2
137	1
138	1
139	1
140	1
141	2
142	1
143	1
144	1
145	1
146	2
147	1
148	2
149	1
150	1
151	2
152	1
153	2
154	1
155	1
156	1
157	1
