"1, 1" VAL 1
"1, 2" THR 2
"1, 3" PHE 3
"1, 4" ILE 4
"1, 5" ASN 5
"1, 6" ARG 6
"1, 7" TRP 7
"1, 8" LEU 8
"1, 9" PHE 9
"1, 10" SER 10
"1, 11" THR 11
"1, 12" ASN 12
"1, 13" HIS 13
"1, 14" LYS 14
"1, 15" ASP 15
"1, 16" ILE 16
"1, 17" GLY 17
"1, 18" THR 18
"1, 19" LEU 19
"1, 20" TYR 20
"1, 21" LEU 21
"1, 22" ILE 22
"1, 23" PHE 23
"1, 24" GLY 24
"1, 25" THR 25
"1, 26" TRP 26
"1, 27" ALA 27
"1, 28" GLY 28
"1, 29" MET 29
"1, 30" ALA 30
"1, 31" GLY 31
"1, 32" THR 32
"1, 33" ALA 33
"1, 34" LEU 34
"1, 35" SER 35
"1, 36" LEU 36
"1, 37" LEU 37
"1, 38" ILE 38
"1, 39" ARG 39
"1, 40" ALA 40
"1, 41" GLU 41
"1, 42" LEU 42
"1, 43" GLY 43
"1, 44" GLN 44
"1, 45" PRO 45
"1, 46" GLY 46
"1, 47" THR 47
"1, 48" LEU 48
"1, 49" LEU 49
"1, 50" GLY 50
"1, 51" ASP 51
"1, 52" ASP 52
"1, 53" GLN 53
"1, 54" ILE 54
"1, 55" TYR 55
"1, 56" ASN 56
"1, 57" VAL 57
"1, 58" ILE 58
"1, 59" VAL 59
"1, 60" THR 60
"1, 61" ALA 61
"1, 62" HIS 62
"1, 63" ALA 63
"1, 64" PHE 64
"1, 65" VAL 65
"1, 66" MET 66
"1, 67" ILE 67
"1, 68" PHE 68
"1, 69" PHE 69
"1, 70" MET 70
"1, 71" VAL 71
"1, 72" MET 72
"1, 73" PRO 73
"1, 74" ILE 74
"1, 75" MET 75
"1, 76" ILE 76
"1, 77" GLY 77
"1, 78" GLY 78
"1, 79" PHE 79
"1, 80" GLY 80
"1, 81" ASN 81
"1, 82" TRP 82
"1, 83" LEU 83
"1, 84" VAL 84
"1, 85" PRO 85
"1, 86" LEU 86
"1, 87" MET 87
"1, 88" ILE 88
"1, 89" GLY 89
"1, 90" ALA 90
"1, 91" PRO 91
"1, 92" ASP 92
"1, 93" MET 93
"1, 94" ALA 94
"1, 95" PHE 95
"1, 96" PRO 96
"1, 97" ARG 97
"1, 98" MET 98
"1, 99" ASN 99
"1, 100" ASN 100
"1, 101" MET 101
"1, 102" SER 102
"1, 103" PHE 103
"1, 104" TRP 104
"1, 105" LEU 105
"1, 106" LEU 106
"1, 107" PRO 107
"1, 108" PRO 108
"1, 109" SER 109
"1, 110" PHE 110
"1, 111" LEU 111
"1, 112" LEU 112
"1, 113" LEU 113
"1, 114" LEU 114
"1, 115" ALA 115
"1, 116" SER 116
"1, 117" SER 117
"1, 118" THR 118
"1, 119" VAL 119
"1, 120" GLU 120
"1, 121" ALA 121
"1, 122" GLY 122
"1, 123" ALA 123
"1, 124" GLY 124
"1, 125" THR 125
"1, 126" GLY 126
"1, 127" TRP 127
"1, 128" THR 128
"1, 129" VAL 129
"1, 130" TYR 130
"1, 131" PRO 131
"1, 132" PRO 132
"1, 133" LEU 133
"1, 134" ALA 134
"1, 135" GLY 135
"1, 136" ASN 136
"1, 137" LEU 137
"1, 138" ALA 138
"1, 139" HIS 139
"1, 140" ALA 140
"1, 141" GLY 141
"1, 142" ALA 142
"1, 143" SER 143
"1, 144" VAL 144
"1, 145" ASP 145
"1, 146" LEU 146
"1, 147" ALA 147
"1, 148" ILE 148
"1, 149" PHE 149
"1, 150" SER 150
"1, 151" LEU 151
"1, 152" HIS 152
"1, 153" LEU 153
"1, 154" ALA 154
"1, 155" GLY 155
"1, 156" VAL 156
"1, 157" SER 157
"1, 158" SER 158
"1, 159" ILE 159
"1, 160" LEU 160
"1, 161" GLY 161
"1, 162" ALA 162
"1, 163" ILE 163
"1, 164" ASN 164
"1, 165" PHE 165
"1, 166" ILE 166
"1, 167" THR 167
"1, 168" THR 168
"1, 169" ILE 169
"1, 170" ILE 170
"1, 171" ASN 171
"1, 172" MET 172
"1, 173" LYS 173
"1, 174" PRO 174
"1, 175" PRO 175
"1, 176" ALA 176
"1, 177" LEU 177
"1, 178" SER 178
"1, 179" GLN 179
"1, 180" TYR 180
"1, 181" GLN 181
"1, 182" THR 182
"1, 183" PRO 183
"1, 184" LEU 184
"1, 185" PHE 185
"1, 186" VAL 186
"1, 187" TRP 187
"1, 188" SER 188
"1, 189" VAL 189
"1, 190" LEU 190
"1, 191" ILE 191
"1, 192" THR 192
"1, 193" ALA 193
"1, 194" ILE 194
"1, 195" LEU 195
"1, 196" LEU 196
"1, 197" LEU 197
"1, 198" LEU 198
"1, 199" SER 199
"1, 200" LEU 200
"1, 201" PRO 201
"1, 202" VAL 202
"1, 203" LEU 203
"1, 204" ALA 204
"1, 205" ALA 205
"1, 206" GLY 206
"1, 207" ILE 207
"1, 208" THR 208
"1, 209" MET 209
"1, 210" LEU 210
"1, 211" LEU 211
"1, 212" THR 212
"1, 213" ASP 213
"1, 214" ARG 214
"1, 215" ASN 215
"1, 216" LEU 216
"1, 217" ASN 217
"1, 218" THR 218
"1, 219" THR 219
"1, 220" PHE 220
"1, 221" PHE 221
"1, 222" ASP 222
"1, 223" PRO 223
"1, 224" ALA 224
"1, 225" GLY 225
"1, 226" GLY 226
"1, 227" GLY 227
"1, 228" ASP 228
"1, 229" PRO 229
"1, 230" ILE 230
"1, 231" LEU 231
"1, 232" TYR 232
"1, 233" GLN 233
"1, 234" HIS 234
"1, 235" LEU 235
"1, 236" PHE 236
"1, 237" TRP 237
"1, 238" PHE 238
"1, 239" PHE 239
"1, 240" GLY 240
"1, 241" HIS 241
"1, 242" PRO 242
"1, 243" GLU 243
"1, 244" VAL 244
"1, 245" TYR 245
"1, 246" ILE 246
"1, 247" LEU 247
"1, 248" ILE 248
"1, 249" LEU 249
"1, 250" PRO 250
"1, 251" GLY 251
"1, 252" PHE 252
"1, 253" GLY 253
"1, 254" MET 254
"1, 255" ILE 255
"1, 256" SER 256
"1, 257" HIS 257
"1, 258" VAL 258
"1, 259" VAL 259
"1, 260" ALA 260
"1, 261" TYR 261
"1, 262" TYR 262
"1, 263" ALA 263
"1, 264" GLY 264
"1, 265" LYS 265
"1, 266" LYS 266
"1, 267" GLU 267
"1, 268" PRO 268
"1, 269" PHE 269
"1, 270" GLY 270
"1, 271" TYR 271
"1, 272" MET 272
"1, 273" GLY 273
"1, 274" MET 274
"1, 275" VAL 275
"1, 276" TRP 276
"1, 277" ALA 277
"1, 278" MET 278
"1, 279" LEU 279
"1, 280" SER 280
"1, 281" ILE 281
"1, 282" GLY 282
"1, 283" PHE 283
"1, 284" LEU 284
"1, 285" GLY 285
"1, 286" PHE 286
"1, 287" ILE 287
"1, 288" VAL 288
"1, 289" TRP 289
"1, 290" ALA 290
"1, 291" HIS 291
"1, 292" HIS 292
"1, 293" MET 293
"1, 294" PHE 294
"1, 295" THR 295
"1, 296" VAL 296
"1, 297" GLY 297
"1, 298" MET 298
"1, 299" ASP 299
"1, 300" VAL 300
"1, 301" ASP 301
"1, 302" THR 302
"1, 303" ARG 303
"1, 304" ALA 304
"1, 305" TYR 305
"1, 306" PHE 306
"1, 307" THR 307
"1, 308" SER 308
"1, 309" ALA 309
"1, 310" THR 310
"1, 311" MET 311
"1, 312" ILE 312
"1, 313" ILE 313
"1, 314" ALA 314
"1, 315" ILE 315
"1, 316" PRO 316
"1, 317" THR 317
"1, 318" GLY 318
"1, 319" ILE 319
"1, 320" LYS 320
"1, 321" VAL 321
"1, 322" PHE 322
"1, 323" SER 323
"1, 324" TRP 324
"1, 325" LEU 325
"1, 326" ALA 326
"1, 327" THR 327
"1, 328" LEU 328
"1, 329" HIS 329
"1, 330" GLY 330
"1, 331" GLY 331
"1, 332" THR 332
"1, 333" ILE 333
"1, 334" LYS 334
"1, 335" TRP 335
"1, 336" ASP 336
"1, 337" PRO 337
"1, 338" PRO 338
"1, 339" MET 339
"1, 340" LEU 340
"1, 341" TRP 341
"1, 342" ALA 342
"1, 343" LEU 343
"1, 344" GLY 344
"1, 345" PHE 345
"1, 346" ILE 346
"1, 347" PHE 347
"1, 348" LEU 348
"1, 349" PHE 349
"1, 350" THR 350
"1, 351" ILE 351
"1, 352" GLY 352
"1, 353" GLY 353
"1, 354" LEU 354
"1, 355" THR 355
"1, 356" GLY 356
"1, 357" ILE 357
"1, 358" VAL 358
"1, 359" LEU 359
"1, 360" ALA 360
"1, 361" ASN 361
"1, 362" SER 362
"1, 363" SER 363
"1, 364" LEU 364
"1, 365" ASP 365
"1, 366" ILE 366
"1, 367" ALA 367
"1, 368" LEU 368
"1, 369" HIS 369
"1, 370" ASP 370
"1, 371" THR 371
"1, 372" TYR 372
"1, 373" TYR 373
"1, 374" VAL 374
"1, 375" VAL 375
"1, 376" ALA 376
"1, 377" HIS 377
"1, 378" PHE 378
"1, 379" HIS 379
"1, 380" TYR 380
"1, 381" VAL 381
"1, 382" LEU 382
"1, 383" SER 383
"1, 384" MET 384
"1, 385" GLY 385
"1, 386" ALA 386
"1, 387" VAL 387
"1, 388" PHE 388
"1, 389" ALA 389
"1, 390" ILE 390
"1, 391" LEU 391
"1, 392" ALA 392
"1, 393" GLY 393
"1, 394" PHE 394
"1, 395" THR 395
"1, 396" HIS 396
"1, 397" TRP 397
"1, 398" PHE 398
"1, 399" PRO 399
"1, 400" LEU 400
"1, 401" PHE 401
"1, 402" THR 402
"1, 403" GLY 403
"1, 404" PHE 404
"1, 405" THR 405
"1, 406" LEU 406
"1, 407" HIS 407
"1, 408" PRO 408
"1, 409" SER 409
"1, 410" TRP 410
"1, 411" THR 411
"1, 412" LYS 412
"1, 413" ALA 413
"1, 414" HIS 414
"1, 415" PHE 415
"1, 416" GLY 416
"1, 417" VAL 417
"1, 418" MET 418
"1, 419" PHE 419
"1, 420" THR 420
"1, 421" GLY 421
"1, 422" VAL 422
"1, 423" ASN 423
"1, 424" LEU 424
"1, 425" THR 425
"1, 426" PHE 426
"1, 427" PHE 427
"1, 428" PRO 428
"1, 429" GLN 429
"1, 430" HIS 430
"1, 431" PHE 431
"1, 432" LEU 432
"1, 433" GLY 433
"1, 434" LEU 434
"1, 435" ALA 435
"1, 436" GLY 436
"1, 437" MET 437
"1, 438" PRO 438
"1, 439" ARG 439
"1, 440" ARG 440
"1, 441" TYR 441
"1, 442" SER 442
"1, 443" ASP 443
"1, 444" TYR 444
"1, 445" PRO 445
"1, 446" ASP 446
"1, 447" ALA 447
"1, 448" TYR 448
"1, 449" THR 449
"1, 450" LEU 450
"1, 451" TRP 451
"1, 452" ASN 452
"1, 453" THR 453
"1, 454" LEU 454
"1, 455" SER 455
"1, 456" SER 456
"1, 457" ILE 457
"1, 458" GLY 458
"1, 459" SER 459
"1, 460" LEU 460
"1, 461" ILE 461
"1, 462" SER 462
"1, 463" MET 463
"1, 464" THR 464
"1, 465" ALA 465
"1, 466" VAL 466
"1, 467" ILE 467
"1, 468" MET 468
"1, 469" LEU 469
"1, 470" MET 470
"1, 471" PHE 471
"1, 472" ILE 472
"1, 473" VAL 473
"1, 474" TRP 474
"1, 475" GLU 475
"1, 476" ALA 476
"1, 477" PHE 477
"1, 478" SER 478
"1, 479" ALA 479
"1, 480" LYS 480
"1, 481" ARG 481
"1, 482" LYS 482
"1, 483" VAL 483
"1, 484" LEU 484
"1, 485" GLN 485
"1, 486" PRO 486
"1, 487" GLU 487
"1, 488" LEU 488
"1, 489" THR 489
"1, 490" ALA 490
"1, 491" THR 491
"1, 492" ASN 492
"1, 493" ILE 493
"1, 494" GLU 494
"1, 495" TRP 495
"1, 496" ILE 496
"1, 497" HIS 497
"1, 498" GLY 498
"1, 499" CYS 499
"1, 500" PRO 500
"1, 501" PRO 501
"1, 502" PRO 502
"1, 503" TYR 503
"1, 504" HIS 504
"1, 505" THR 505
"1, 506" PHE 506
"1, 507" GLU 507
"1, 508" GLU 508
"1, 509" PRO 509
"1, 510" ALA 510
"1, 511" PHE 511
"1, 512" VAL 512
"1, 513" GLN 513
"1, 514" VAL 514
"1, 515" GLN 515
"1, 516" GLU 516
"2, 1" MET 517
"2, 2" ALA 518
"2, 3" ASN 519
"2, 4" HIS 520
"2, 5" SER 521
"2, 6" GLN 522
"2, 7" LEU 523
"2, 8" GLY 524
"2, 9" PHE 525
"2, 10" GLN 526
"2, 11" ASP 527
"2, 12" ALA 528
"2, 13" SER 529
"2, 14" SER 530
"2, 15" PRO 531
"2, 16" ILE 532
"2, 17" MET 533
"2, 18" GLU 534
"2, 19" GLU 535
"2, 20" LEU 536
"2, 21" VAL 537
"2, 22" GLU 538
"2, 23" PHE 539
"2, 24" HIS 540
"2, 25" ASP 541
"2, 26" HIS 542
"2, 27" ALA 543
"2, 28" LEU 544
"2, 29" MET 545
"2, 30" VAL 546
"2, 31" ALA 547
"2, 32" LEU 548
"2, 33" ALA 549
"2, 34" ILE 550
"2, 35" CYS 551
"2, 36" SER 552
"2, 37" LEU 553
"2, 38" VAL 554
"2, 39" LEU 555
"2, 40" TYR 556
"2, 41" LEU 557
"2, 42" LEU 558
"2, 43" THR 559
"2, 44" LEU 560
"2, 45" MET 561
"2, 46" LEU 562
"2, 47" MET 563
"2, 48" GLU 564
"2, 49" LYS 565
"2, 50" LEU 566
"2, 51" SER 567
"2, 52" SER 568
"2, 53" ASN 569
"2, 54" THR 570
"2, 55" VAL 571
"2, 56" ASP 572
"2, 57" ALA 573
"2, 58" GLN 574
"2, 59" GLU 575
"2, 60" VAL 576
"2, 61" GLU 577
"2, 62" LEU 578
"2, 63" ILE 579
"2, 64" TRP 580
"2, 65" THR 581
"2, 66" ILE 582
"2, 67" LEU 583
"2, 68" PRO 584
"2, 69" ALA 585
"2, 70" ILE 586
"2, 71" VAL 587
"2, 72" LEU 588
"2, 73" VAL 589
"2, 74" LEU 590
"2, 75" LEU 591
"2, 76" ALA 592
"2, 77" LEU 593
"2, 78" PRO 594
"2, 79" SER 595
"2, 80" LEU 596
"2, 81" GLN 597
"2, 82" ILE 598
"2, 83" LEU 599
"2, 84" TYR 600
"2, 85" MET 601
"2, 86" MET 602
"2, 87" ASP 603
"2, 88" GLU 604
"2, 89" ILE 605
"2, 90" ASP 606
"2, 91" GLU 607
"2, 92" PRO 608
"2, 93" ASP 609
"2, 94" LEU 610
"2, 95" THR 611
"2, 96" LEU 612
"2, 97" LYS 613
"2, 98" ALA 614
"2, 99" ILE 615
"2, 100" GLY 616
"2, 101" HIS 617
"2, 102" GLN 618
"2, 103" TRP 619
"2, 104" TYR 620
"2, 105" TRP 621
"2, 106" THR 622
"2, 107" TYR 623
"2, 108" GLU 624
"2, 109" TYR 625
"2, 110" THR 626
"2, 111" ASP 627
"2, 112" PHE 628
"2, 113" LYS 629
"2, 114" ASP 630
"2, 115" LEU 631
"2, 116" SER 632
"2, 117" PHE 633
"2, 118" ASP 634
"2, 119" SER 635
"2, 120" TYR 636
"2, 121" MET 637
"2, 122" THR 638
"2, 123" PRO 639
"2, 124" THR 640
"2, 125" THR 641
"2, 126" ASP 642
"2, 127" LEU 643
"2, 128" PRO 644
"2, 129" LEU 645
"2, 130" GLY 646
"2, 131" HIS 647
"2, 132" PHE 648
"2, 133" ARG 649
"2, 134" LEU 650
"2, 135" LEU 651
"2, 136" GLU 652
"2, 137" VAL 653
"2, 138" ASP 654
"2, 139" HIS 655
"2, 140" ARG 656
"2, 141" ILE 657
"2, 142" VAL 658
"2, 143" ILE 659
"2, 144" PRO 660
"2, 145" MET 661
"2, 146" GLU 662
"2, 147" SER 663
"2, 148" PRO 664
"2, 149" ILE 665
"2, 150" ARG 666
"2, 151" VAL 667
"2, 152" ILE 668
"2, 153" ILE 669
"2, 154" THR 670
"2, 155" ALA 671
"2, 156" ASP 672
"2, 157" ASP 673
"2, 158" VAL 674
"2, 159" LEU 675
"2, 160" HIS 676
"2, 161" SER 677
"2, 162" TRP 678
"2, 163" ALA 679
"2, 164" VAL 680
"2, 165" PRO 681
"2, 166" ALA 682
"2, 167" LEU 683
"2, 168" GLY 684
"2, 169" VAL 685
"2, 170" LYS 686
"2, 171" THR 687
"2, 172" ASP 688
"2, 173" ALA 689
"2, 174" ILE 690
"2, 175" PRO 691
"2, 176" GLY 692
"2, 177" ARG 693
"2, 178" LEU 694
"2, 179" ASN 695
"2, 180" GLN 696
"2, 181" THR 697
"2, 182" SER 698
"2, 183" PHE 699
"2, 184" ILE 700
"2, 185" THR 701
"2, 186" THR 702
"2, 187" ARG 703
"2, 188" PRO 704
"2, 189" GLY 705
"2, 190" VAL 706
"2, 191" PHE 707
"2, 192" TYR 708
"2, 193" GLY 709
"2, 194" GLN 710
"2, 195" CYS 711
"2, 196" SER 712
"2, 197" GLU 713
"2, 198" ILE 714
"2, 199" CYS 715
"2, 200" GLY 716
"2, 201" ALA 717
"2, 202" ASN 718
"2, 203" HIS 719
"2, 204" SER 720
"2, 205" TYR 721
"2, 206" MET 722
"2, 207" PRO 723
"2, 208" ILE 724
"2, 209" VAL 725
"2, 210" VAL 726
"2, 211" GLU 727
"2, 212" SER 728
"2, 213" THR 729
"2, 214" PRO 730
"2, 215" LEU 731
"2, 216" LYS 732
"2, 217" HIS 733
"2, 218" PHE 734
"2, 219" GLU 735
"2, 220" ALA 736
"2, 221" TRP 737
"2, 222" SER 738
"2, 223" SER 739
"2, 224" LEU 740
"2, 225" LEU 741
"2, 226" SER 742
"2, 227" SER 743
"3, 1" MET 744
"3, 2" ALA 745
"3, 3" HIS 746
"3, 4" GLN 747
"3, 5" ALA 748
"3, 6" HIS 749
"3, 7" SER 750
"3, 8" TYR 751
"3, 9" HIS 752
"3, 10" MET 753
"3, 11" VAL 754
"3, 12" ASP 755
"3, 13" PRO 756
"3, 14" SER 757
"3, 15" PRO 758
"3, 16" TRP 759
"3, 17" PRO 760
"3, 18" ILE 761
"3, 19" PHE 762
"3, 20" GLY 763
"3, 21" ALA 764
"3, 22" ALA 765
"3, 23" ALA 766
"3, 24" ALA 767
"3, 25" LEU 768
"3, 26" LEU 769
"3, 27" THR 770
"3, 28" THR 771
"3, 29" SER 772
"3, 30" GLY 773
"3, 31" LEU 774
"3, 32" ILE 775
"3, 33" MET 776
"3, 34" TRP 777
"3, 35" PHE 778
"3, 36" HIS 779
"3, 37" TYR 780
"3, 38" SER 781
"3, 39" SER 782
"3, 40" THR 783
"3, 41" THR 784
"3, 42" LEU 785
"3, 43" LEU 786
"3, 44" THR 787
"3, 45" MET 788
"3, 46" GLY 789
"3, 47" LEU 790
"3, 48" LEU 791
"3, 49" SER 792
"3, 50" MET 793
"3, 51" LEU 794
"3, 52" LEU 795
"3, 53" VAL 796
"3, 54" MET 797
"3, 55" LEU 798
"3, 56" GLN 799
"3, 57" TRP 800
"3, 58" TRP 801
"3, 59" ARG 802
"3, 60" ASP 803
"3, 61" VAL 804
"3, 62" VAL 805
"3, 63" ARG 806
"3, 64" GLU 807
"3, 65" SER 808
"3, 66" THR 809
"3, 67" PHE 810
"3, 68" GLN 811
"3, 69" GLY 812
"3, 70" HIS 813
"3, 71" HIS 814
"3, 72" THR 815
"3, 73" PRO 816
"3, 74" THR 817
"3, 75" VAL 818
"3, 76" GLN 819
"3, 77" LYS 820
"3, 78" GLY 821
"3, 79" LEU 822
"3, 80" ARG 823
"3, 81" TYR 824
"3, 82" GLY 825
"3, 83" MET 826
"3, 84" ILE 827
"3, 85" LEU 828
"3, 86" PHE 829
"3, 87" ILE 830
"3, 88" THR 831
"3, 89" SER 832
"3, 90" GLU 833
"3, 91" ALA 834
"3, 92" PHE 835
"3, 93" PHE 836
"3, 94" PHE 837
"3, 95" LEU 838
"3, 96" GLY 839
"3, 97" PHE 840
"3, 98" PHE 841
"3, 99" TRP 842
"3, 100" ALA 843
"3, 101" PHE 844
"3, 102" PHE 845
"3, 103" HIS 846
"3, 104" SER 847
"3, 105" SER 848
"3, 106" LEU 849
"3, 107" ALA 850
"3, 108" PRO 851
"3, 109" THR 852
"3, 110" PRO 853
"3, 111" GLU 854
"3, 112" LEU 855
"3, 113" GLY 856
"3, 114" GLY 857
"3, 115" GLN 858
"3, 116" TRP 859
"3, 117" PRO 860
"3, 118" PRO 861
"3, 119" THR 862
"3, 120" GLY 863
"3, 121" VAL 864
"3, 122" LYS 865
"3, 123" PRO 866
"3, 124" LEU 867
"3, 125" ASN 868
"3, 126" PRO 869
"3, 127" LEU 870
"3, 128" GLU 871
"3, 129" VAL 872
"3, 130" PRO 873
"3, 131" LEU 874
"3, 132" LEU 875
"3, 133" ASN 876
"3, 134" THR 877
"3, 135" ALA 878
"3, 136" ILE 879
"3, 137" LEU 880
"3, 138" LEU 881
"3, 139" ALA 882
"3, 140" SER 883
"3, 141" GLY 884
"3, 142" VAL 885
"3, 143" THR 886
"3, 144" VAL 887
"3, 145" THR 888
"3, 146" TRP 889
"3, 147" ALA 890
"3, 148" HIS 891
"3, 149" HIS 892
"3, 150" SER 893
"3, 151" ILE 894
"3, 152" THR 895
"3, 153" GLU 896
"3, 154" GLY 897
"3, 155" ASN 898
"3, 156" ARG 899
"3, 157" LYS 900
"3, 158" GLN 901
"3, 159" ALA 902
"3, 160" ILE 903
"3, 161" HIS 904
"3, 162" ALA 905
"3, 163" LEU 906
"3, 164" THR 907
"3, 165" LEU 908
"3, 166" THR 909
"3, 167" ILE 910
"3, 168" LEU 911
"3, 169" LEU 912
"3, 170" GLY 913
"3, 171" PHE 914
"3, 172" TYR 915
"3, 173" PHE 916
"3, 174" THR 917
"3, 175" ALA 918
"3, 176" LEU 919
"3, 177" GLN 920
"3, 178" ALA 921
"3, 179" MET 922
"3, 180" GLU 923
"3, 181" TYR 924
"3, 182" HIS 925
"3, 183" GLU 926
"3, 184" ALA 927
"3, 185" SER 928
"3, 186" PHE 929
"3, 187" SER 930
"3, 188" ILE 931
"3, 189" ALA 932
"3, 190" ASP 933
"3, 191" SER 934
"3, 192" VAL 935
"3, 193" TYR 936
"3, 194" GLY 937
"3, 195" SER 938
"3, 196" THR 939
"3, 197" PHE 940
"3, 198" PHE 941
"3, 199" VAL 942
"3, 200" ALA 943
"3, 201" THR 944
"3, 202" GLY 945
"3, 203" PHE 946
"3, 204" HIS 947
"3, 205" GLY 948
"3, 206" LEU 949
"3, 207" HIS 950
"3, 208" VAL 951
"3, 209" ILE 952
"3, 210" ILE 953
"3, 211" GLY 954
"3, 212" SER 955
"3, 213" SER 956
"3, 214" PHE 957
"3, 215" LEU 958
"3, 216" THR 959
"3, 217" VAL 960
"3, 218" CYS 961
"3, 219" LEU 962
"3, 220" LEU 963
"3, 221" ARG 964
"3, 222" LEU 965
"3, 223" ILE 966
"3, 224" LYS 967
"3, 225" PHE 968
"3, 226" HIS 969
"3, 227" PHE 970
"3, 228" THR 971
"3, 229" PRO 972
"3, 230" ASN 973
"3, 231" HIS 974
"3, 232" HIS 975
"3, 233" PHE 976
"3, 234" GLY 977
"3, 235" PHE 978
"3, 236" GLU 979
"3, 237" ALA 980
"3, 238" ALA 981
"3, 239" ALA 982
"3, 240" TRP 983
"3, 241" TYR 984
"3, 242" TRP 985
"3, 243" HIS 986
"3, 244" PHE 987
"3, 245" VAL 988
"3, 246" ASP 989
"3, 247" ILE 990
"3, 248" ILE 991
"3, 249" TRP 992
"3, 250" LEU 993
"3, 251" PHE 994
"3, 252" LEU 995
"3, 253" TYR 996
"3, 254" MET 997
"3, 255" SER 998
"3, 256" MET 999
"3, 257" TYR 1000
"3, 258" TRP 1001
"3, 259" TRP 1002
"3, 260" GLY 1003
"3, 261" SER 1004
"4, 1" ALA 1005
"4, 2" HIS 1006
"4, 3" GLY 1007
"4, 4" HIS 1008
"4, 5" ALA 1009
"4, 6" GLY 1010
"4, 7" VAL 1011
"4, 8" VAL 1012
"4, 9" LYS 1013
"4, 10" ALA 1014
"4, 11" ASP 1015
"4, 12" ASP 1016
"4, 13" PHE 1017
"4, 14" SER 1018
"4, 15" HIS 1019
"4, 16" PRO 1020
"4, 17" ALA 1021
"4, 18" TYR 1022
"4, 19" VAL 1023
"4, 20" ASP 1024
"4, 21" ARG 1025
"4, 22" ARG 1026
"4, 23" ASP 1027
"4, 24" VAL 1028
"4, 25" PRO 1029
"4, 26" LEU 1030
"4, 27" PRO 1031
"4, 28" GLU 1032
"4, 29" VAL 1033
"4, 30" ALA 1034
"4, 31" PHE 1035
"4, 32" VAL 1036
"4, 33" LYS 1037
"4, 34" GLU 1038
"4, 35" LEU 1039
"4, 36" SER 1040
"4, 37" ALA 1041
"4, 38" GLN 1042
"4, 39" GLN 1043
"4, 40" LYS 1044
"4, 41" ALA 1045
"4, 42" LEU 1046
"4, 43" LYS 1047
"4, 44" GLU 1048
"4, 45" LYS 1049
"4, 46" GLU 1050
"4, 47" LYS 1051
"4, 48" ALA 1052
"4, 49" SER 1053
"4, 50" TRP 1054
"4, 51" THR 1055
"4, 52" ALA 1056
"4, 53" LEU 1057
"4, 54" SER 1058
"4, 55" VAL 1059
"4, 56" ASP 1060
"4, 57" GLU 1061
"4, 58" LYS 1062
"4, 59" VAL 1063
"4, 60" GLU 1064
"4, 61" LEU 1065
"4, 62" TYR 1066
"4, 63" ARG 1067
"4, 64" ILE 1068
"4, 65" LYS 1069
"4, 66" PHE 1070
"4, 67" ASN 1071
"4, 68" GLU 1072
"4, 69" SER 1073
"4, 70" TYR 1074
"4, 71" ALA 1075
"4, 72" GLU 1076
"4, 73" MET 1077
"4, 74" ASN 1078
"4, 75" LYS 1079
"4, 76" GLY 1080
"4, 77" THR 1081
"4, 78" ASN 1082
"4, 79" GLU 1083
"4, 80" TRP 1084
"4, 81" LYS 1085
"4, 82" THR 1086
"4, 83" VAL 1087
"4, 84" LEU 1088
"4, 85" GLY 1089
"4, 86" GLY 1090
"4, 87" VAL 1091
"4, 88" LEU 1092
"4, 89" PHE 1093
"4, 90" PHE 1094
"4, 91" LEU 1095
"4, 92" GLY 1096
"4, 93" VAL 1097
"4, 94" SER 1098
"4, 95" GLY 1099
"4, 96" LEU 1100
"4, 97" ILE 1101
"4, 98" LEU 1102
"4, 99" ILE 1103
"4, 100" TRP 1104
"4, 101" GLN 1105
"4, 102" LYS 1106
"4, 103" MET 1107
"4, 104" TYR 1108
"4, 105" MET 1109
"4, 106" TYR 1110
"4, 107" GLY 1111
"4, 108" PRO 1112
"4, 109" ILE 1113
"4, 110" PRO 1114
"4, 111" HIS 1115
"4, 112" THR 1116
"4, 113" PHE 1117
"4, 114" SER 1118
"4, 115" ASP 1119
"4, 116" GLU 1120
"4, 117" TRP 1121
"4, 118" LEU 1122
"4, 119" SER 1123
"4, 120" MET 1124
"4, 121" GLN 1125
"4, 122" THR 1126
"4, 123" LYS 1127
"4, 124" ARG 1128
"4, 125" MET 1129
"4, 126" LEU 1130
"4, 127" ASP 1131
"4, 128" MET 1132
"4, 129" ARG 1133
"4, 130" ILE 1134
"4, 131" ASN 1135
"4, 132" PRO 1136
"4, 133" VAL 1137
"4, 134" GLU 1138
"4, 135" GLY 1139
"4, 136" ILE 1140
"4, 137" SER 1141
"4, 138" ALA 1142
"4, 139" GLN 1143
"4, 140" TRP 1144
"4, 141" ASP 1145
"4, 142" TYR 1146
"4, 143" GLU 1147
"4, 144" LYS 1148
"4, 145" ASN 1149
"4, 146" GLU 1150
"4, 147" TRP 1151
"4, 148" LYS 1152
"4, 149" LYS 1153
"5, 1" SER 1154
"5, 2" HIS 1155
"5, 3" GLY 1156
"5, 4" SER 1157
"5, 5" GLN 1158
"5, 6" GLU 1159
"5, 7" SER 1160
"5, 8" ASP 1161
"5, 9" GLU 1162
"5, 10" GLU 1163
"5, 11" PHE 1164
"5, 12" ASP 1165
"5, 13" ALA 1166
"5, 14" ARG 1167
"5, 15" TRP 1168
"5, 16" VAL 1169
"5, 17" THR 1170
"5, 18" TYR 1171
"5, 19" PHE 1172
"5, 20" ASN 1173
"5, 21" LYS 1174
"5, 22" PRO 1175
"5, 23" ASP 1176
"5, 24" ILE 1177
"5, 25" ASP 1178
"5, 26" ALA 1179
"5, 27" TRP 1180
"5, 28" GLU 1181
"5, 29" LEU 1182
"5, 30" ARG 1183
"5, 31" LYS 1184
"5, 32" GLY 1185
"5, 33" VAL 1186
"5, 34" ASN 1187
"5, 35" THR 1188
"5, 36" LEU 1189
"5, 37" VAL 1190
"5, 38" GLY 1191
"5, 39" TYR 1192
"5, 40" ASP 1193
"5, 41" LEU 1194
"5, 42" VAL 1195
"5, 43" PRO 1196
"5, 44" GLU 1197
"5, 45" PRO 1198
"5, 46" LYS 1199
"5, 47" ILE 1200
"5, 48" ILE 1201
"5, 49" ASP 1202
"5, 50" ALA 1203
"5, 51" ALA 1204
"5, 52" LEU 1205
"5, 53" ARG 1206
"5, 54" ALA 1207
"5, 55" CYS 1208
"5, 56" ARG 1209
"5, 57" ARG 1210
"5, 58" LEU 1211
"5, 59" ASN 1212
"5, 60" ASP 1213
"5, 61" PHE 1214
"5, 62" ALA 1215
"5, 63" SER 1216
"5, 64" ALA 1217
"5, 65" VAL 1218
"5, 66" ARG 1219
"5, 67" ILE 1220
"5, 68" LEU 1221
"5, 69" GLU 1222
"5, 70" VAL 1223
"5, 71" VAL 1224
"5, 72" LYS 1225
"5, 73" ASP 1226
"5, 74" LYS 1227
"5, 75" ALA 1228
"5, 76" GLY 1229
"5, 77" PRO 1230
"5, 78" HIS 1231
"5, 79" LYS 1232
"5, 80" GLU 1233
"5, 81" ILE 1234
"5, 82" TYR 1235
"5, 83" PRO 1236
"5, 84" TYR 1237
"5, 85" VAL 1238
"5, 86" ILE 1239
"5, 87" GLN 1240
"5, 88" GLU 1241
"5, 89" LEU 1242
"5, 90" ARG 1243
"5, 91" PRO 1244
"5, 92" THR 1245
"5, 93" LEU 1246
"5, 94" SER 1247
"5, 95" GLU 1248
"5, 96" LEU 1249
"5, 97" GLY 1250
"5, 98" ILE 1251
"5, 99" SER 1252
"5, 100" THR 1253
"5, 101" PRO 1254
"5, 102" GLU 1255
"5, 103" GLU 1256
"5, 104" LEU 1257
"5, 105" GLY 1258
"5, 106" LEU 1259
"5, 107" ASP 1260
"5, 108" LYS 1261
"5, 109" ALA 1262
"6, 1" ALA 1263
"6, 2" ALA 1264
"6, 3" PRO 1265
"6, 4" GLY 1266
"6, 5" ASP 1267
"6, 6" LEU 1268
"6, 7" ALA 1269
"6, 8" THR 1270
"6, 9" ASP 1271
"6, 10" GLU 1272
"6, 11" GLU 1273
"6, 12" GLN 1274
"6, 13" ALA 1275
"6, 14" THR 1276
"6, 15" GLY 1277
"6, 16" LEU 1278
"6, 17" GLU 1279
"6, 18" ARG 1280
"6, 19" LYS 1281
"6, 20" VAL 1282
"6, 21" MET 1283
"6, 22" GLU 1284
"6, 23" ALA 1285
"6, 24" MET 1286
"6, 25" ASN 1287
"6, 26" LYS 1288
"6, 27" GLY 1289
"6, 28" LEU 1290
"6, 29" ASP 1291
"6, 30" PRO 1292
"6, 31" TYR 1293
"6, 32" SER 1294
"6, 33" MET 1295
"6, 34" PHE 1296
"6, 35" ARG 1297
"6, 36" PRO 1298
"6, 37" LYS 1299
"6, 38" ARG 1300
"6, 39" TYR 1301
"6, 40" ALA 1302
"6, 41" GLY 1303
"6, 42" THR 1304
"6, 43" LYS 1305
"6, 44" GLU 1306
"6, 45" ASP 1307
"6, 46" PRO 1308
"6, 47" ASN 1309
"6, 48" LEU 1310
"6, 49" VAL 1311
"6, 50" PRO 1312
"6, 51" SER 1313
"6, 52" ILE 1314
"6, 53" THR 1315
"6, 54" ASP 1316
"6, 55" LYS 1317
"6, 56" ARG 1318
"6, 57" ILE 1319
"6, 58" VAL 1320
"6, 59" GLY 1321
"6, 60" CYS 1322
"6, 61" VAL 1323
"6, 62" CYS 1324
"6, 63" GLU 1325
"6, 64" GLU 1326
"6, 65" ASP 1327
"6, 66" ASN 1328
"6, 67" SER 1329
"6, 68" CYS 1330
"6, 69" VAL 1331
"6, 70" ILE 1332
"6, 71" TRP 1333
"6, 72" PHE 1334
"6, 73" TRP 1335
"6, 74" LEU 1336
"6, 75" HIS 1337
"6, 76" LYS 1338
"6, 77" GLY 1339
"6, 78" GLU 1340
"6, 79" ALA 1341
"6, 80" GLN 1342
"6, 81" ARG 1343
"6, 82" CYS 1344
"6, 83" PRO 1345
"6, 84" SER 1346
"6, 85" CYS 1347
"6, 86" GLY 1348
"6, 87" SER 1349
"6, 88" HIS 1350
"6, 89" TYR 1351
"6, 90" LYS 1352
"6, 91" LEU 1353
"6, 92" ILE 1354
"6, 93" PRO 1355
"6, 94" HIS 1356
"6, 95" GLU 1357
"6, 96" LEU 1358
"6, 97" PRO 1359
"6, 98" HIS 1360
"7, 1" ALA 1361
"7, 2" ALA 1362
"7, 3" SER 1363
"7, 4" ALA 1364
"7, 5" ALA 1365
"7, 6" HIS 1366
"7, 7" GLU 1367
"7, 8" GLY 1368
"7, 9" GLY 1369
"7, 10" GLY 1370
"7, 11" ALA 1371
"7, 12" ARG 1372
"7, 13" LEU 1373
"7, 14" TRP 1374
"7, 15" LYS 1375
"7, 16" THR 1376
"7, 17" LEU 1377
"7, 18" SER 1378
"7, 19" PHE 1379
"7, 20" VAL 1380
"7, 21" VAL 1381
"7, 22" ALA 1382
"7, 23" LEU 1383
"7, 24" PRO 1384
"7, 25" ALA 1385
"7, 26" VAL 1386
"7, 27" GLY 1387
"7, 28" VAL 1388
"7, 29" CYS 1389
"7, 30" MET 1390
"7, 31" LEU 1391
"7, 32" ASN 1392
"7, 33" CYS 1393
"7, 34" TYR 1394
"7, 35" LEU 1395
"7, 36" LYS 1396
"7, 37" ALA 1397
"7, 38" GLN 1398
"7, 39" HIS 1399
"7, 40" GLU 1400
"7, 41" HIS 1401
"7, 42" GLU 1402
"7, 43" ARG 1403
"7, 44" PRO 1404
"7, 45" GLU 1405
"7, 46" PHE 1406
"7, 47" ILE 1407
"7, 48" ARG 1408
"7, 49" TYR 1409
"7, 50" ALA 1410
"7, 51" HIS 1411
"7, 52" LEU 1412
"7, 53" ARG 1413
"7, 54" ILE 1414
"7, 55" ARG 1415
"7, 56" SER 1416
"7, 57" LYS 1417
"7, 58" PRO 1418
"7, 59" PHE 1419
"7, 60" PRO 1420
"7, 61" TRP 1421
"7, 62" GLY 1422
"7, 63" ASP 1423
"7, 64" GLY 1424
"7, 65" ASN 1425
"7, 66" LYS 1426
"7, 67" THR 1427
"7, 68" LEU 1428
"7, 69" PHE 1429
"7, 70" HIS 1430
"7, 71" ASN 1431
"7, 72" PRO 1432
"7, 73" HIS 1433
"7, 74" VAL 1434
"7, 75" ASN 1435
"7, 76" ALA 1436
"7, 77" LEU 1437
"7, 78" PRO 1438
"7, 79" THR 1439
"7, 80" GLY 1440
"7, 81" TYR 1441
"7, 82" GLU 1442
"7, 83" ASP 1443
"7, 84" GLU 1444
"7, 85" ASN 1445
"8, 1" LYS 1446
"8, 2" LEU 1447
"8, 3" GLU 1448
"8, 4" HIS 1449
"8, 5" TYR 1450
"8, 6" LYS 1451
"8, 7" THR 1452
"8, 8" ALA 1453
"8, 9" PRO 1454
"8, 10" PHE 1455
"8, 11" ASP 1456
"8, 12" SER 1457
"8, 13" ARG 1458
"8, 14" PHE 1459
"8, 15" PRO 1460
"8, 16" ASN 1461
"8, 17" GLN 1462
"8, 18" ASN 1463
"8, 19" GLN 1464
"8, 20" THR 1465
"8, 21" ARG 1466
"8, 22" ASN 1467
"8, 23" CYS 1468
"8, 24" TRP 1469
"8, 25" GLN 1470
"8, 26" ASN 1471
"8, 27" TYR 1472
"8, 28" LEU 1473
"8, 29" ASP 1474
"8, 30" PHE 1475
"8, 31" HIS 1476
"8, 32" ARG 1477
"8, 33" CYS 1478
"8, 34" GLU 1479
"8, 35" LYS 1480
"8, 36" ALA 1481
"8, 37" MET 1482
"8, 38" ALA 1483
"8, 39" ALA 1484
"8, 40" LYS 1485
"8, 41" GLY 1486
"8, 42" ALA 1487
"8, 43" ASP 1488
"8, 44" ALA 1489
"8, 45" THR 1490
"8, 46" PRO 1491
"8, 47" CYS 1492
"8, 48" GLN 1493
"8, 49" TRP 1494
"8, 50" TYR 1495
"8, 51" TYR 1496
"8, 52" ARG 1497
"8, 53" VAL 1498
"8, 54" TYR 1499
"8, 55" LYS 1500
"8, 56" SER 1501
"8, 57" ILE 1502
"8, 58" CYS 1503
"8, 59" PRO 1504
"8, 60" THR 1505
"8, 61" SER 1506
"8, 62" TRP 1507
"8, 63" VAL 1508
"8, 64" THR 1509
"8, 65" THR 1510
"8, 66" TRP 1511
"8, 67" ASP 1512
"8, 68" GLU 1513
"8, 69" TYR 1514
"8, 70" ARG 1515
"8, 71" GLU 1516
"8, 72" GLU 1517
"8, 73" GLY 1518
"8, 74" THR 1519
"8, 75" PHE 1520
"8, 76" PRO 1521
"8, 77" GLY 1522
"8, 78" LYS 1523
"8, 79" ILE 1524
"9, 1" SER 1525
"9, 2" SER 1526
"9, 3" ALA 1527
"9, 4" LEU 1528
"9, 5" LEU 1529
"9, 6" PRO 1530
"9, 7" LYS 1531
"9, 8" PRO 1532
"9, 9" GLN 1533
"9, 10" MET 1534
"9, 11" ARG 1535
"9, 12" ARG 1536
"9, 13" LEU 1537
"9, 14" LEU 1538
"9, 15" ALA 1539
"9, 16" ARG 1540
"9, 17" ARG 1541
"9, 18" MET 1542
"9, 19" LYS 1543
"9, 20" PHE 1544
"9, 21" HIS 1545
"9, 22" LEU 1546
"9, 23" PHE 1547
"9, 24" GLY 1548
"9, 25" ALA 1549
"9, 26" PHE 1550
"9, 27" LEU 1551
"9, 28" VAL 1552
"9, 29" SER 1553
"9, 30" LEU 1554
"9, 31" GLY 1555
"9, 32" CYS 1556
"9, 33" ALA 1557
"9, 34" ALA 1558
"9, 35" LEU 1559
"9, 36" TYR 1560
"9, 37" LYS 1561
"9, 38" PHE 1562
"9, 39" GLY 1563
"9, 40" VAL 1564
"9, 41" ALA 1565
"9, 42" GLU 1566
"9, 43" PRO 1567
"9, 44" ARG 1568
"9, 45" LYS 1569
"9, 46" ARG 1570
"9, 47" ALA 1571
"9, 48" TYR 1572
"9, 49" ALA 1573
"9, 50" GLU 1574
"9, 51" PHE 1575
"9, 52" TYR 1576
"9, 53" LYS 1577
"9, 54" ASN 1578
"9, 55" TYR 1579
"9, 56" ASP 1580
"9, 57" PRO 1581
"9, 58" MET 1582
"9, 59" LYS 1583
"9, 60" ASP 1584
"9, 61" PHE 1585
"9, 62" GLU 1586
"9, 63" ALA 1587
"9, 64" MET 1588
"9, 65" ARG 1589
"9, 66" ALA 1590
"9, 67" ALA 1591
"9, 68" GLY 1592
"9, 69" VAL 1593
"9, 70" PHE 1594
"9, 71" GLU 1595
"9, 72" SER 1596
"9, 73" ALA 1597
"9, 74" PRO 1598
"9, 75" PRO 1599
"9, 76" LYS 1600
"10, 1" LEU 1601
"10, 2" GLU 1602
"10, 3" ASN 1603
"10, 4" ARG 1604
"10, 5" VAL 1605
"10, 6" PRO 1606
"10, 7" GLU 1607
"10, 8" LYS 1608
"10, 9" GLN 1609
"10, 10" LYS 1610
"10, 11" LEU 1611
"10, 12" PHE 1612
"10, 13" GLN 1613
"10, 14" GLU 1614
"10, 15" ASP 1615
"10, 16" ASN 1616
"10, 17" GLY 1617
"10, 18" LEU 1618
"10, 19" PRO 1619
"10, 20" VAL 1620
"10, 21" TYR 1621
"10, 22" LEU 1622
"10, 23" LYS 1623
"10, 24" GLY 1624
"10, 25" GLY 1625
"10, 26" ILE 1626
"10, 27" MET 1627
"10, 28" ASP 1628
"10, 29" GLY 1629
"10, 30" LEU 1630
"10, 31" LEU 1631
"10, 32" TYR 1632
"10, 33" ARG 1633
"10, 34" VAL 1634
"10, 35" THR 1635
"10, 36" MET 1636
"10, 37" GLY 1637
"10, 38" LEU 1638
"10, 39" THR 1639
"10, 40" VAL 1640
"10, 41" PHE 1641
"10, 42" GLY 1642
"10, 43" THR 1643
"10, 44" GLY 1644
"10, 45" TYR 1645
"10, 46" VAL 1646
"10, 47" LEU 1647
"10, 48" TYR 1648
"10, 49" GLU 1649
"10, 50" LEU 1650
"10, 51" MET 1651
"10, 52" MET 1652
"10, 53" ALA 1653
"10, 54" SER 1654
"10, 55" MET 1655
"10, 56" PRO 1656
"10, 57" LYS 1657
"10, 58" LYS 1658
"10, 59" GLN 1659
"10, 60" LYS 1660
"11, 1" THR 1661
"11, 2" HIS 1662
"11, 3" HIS 1663
"11, 4" ARG 1664
"11, 5" LYS 1665
"11, 6" HIS 1666
"11, 7" GLU 1667
"11, 8" PRO 1668
"11, 9" ASN 1669
"11, 10" PHE 1670
"11, 11" HIS 1671
"11, 12" ASP 1672
"11, 13" LYS 1673
"11, 14" TYR 1674
"11, 15" GLY 1675
"11, 16" ASN 1676
"11, 17" LEU 1677
"11, 18" VAL 1678
"11, 19" LEU 1679
"11, 20" ILE 1680
"11, 21" GLY 1681
"11, 22" GLY 1682
"11, 23" ALA 1683
"11, 24" ALA 1684
"11, 25" VAL 1685
"11, 26" PHE 1686
"11, 27" ALA 1687
"11, 28" THR 1688
"11, 29" VAL 1689
"11, 30" TRP 1690
"11, 31" GLY 1691
"11, 32" TYR 1692
"11, 33" VAL 1693
"11, 34" PHE 1694
"11, 35" THR 1695
"11, 36" LYS 1696
"11, 37" SER 1697
"11, 38" GLY 1698
"11, 39" MET 1699
"11, 40" GLU 1700
"11, 41" TRP 1701
"11, 42" GLY 1702
"11, 43" LEU 1703
"11, 44" SER 1704
"11, 45" PRO 1705
"11, 46" VAL 1706
"11, 47" GLY 1707
"11, 48" ARG 1708
"11, 49" VAL 1709
"11, 50" THR 1710
"11, 51" PRO 1711
"11, 52" LYS 1712
"11, 53" GLU 1713
"11, 54" TRP 1714
"11, 55" ARG 1715
"11, 56" GLU 1716
"12, 1" SER 1717
"12, 2" HIS 1718
"12, 3" TYR 1719
"12, 4" GLU 1720
"12, 5" ASP 1721
"12, 6" GLY 1722
"12, 7" PRO 1723
"12, 8" GLY 1724
"12, 9" LYS 1725
"12, 10" ASN 1726
"12, 11" LEU 1727
"12, 12" PRO 1728
"12, 13" PHE 1729
"12, 14" SER 1730
"12, 15" VAL 1731
"12, 16" GLU 1732
"12, 17" ASN 1733
"12, 18" LYS 1734
"12, 19" TRP 1735
"12, 20" ARG 1736
"12, 21" LEU 1737
"12, 22" LEU 1738
"12, 23" ALA 1739
"12, 24" MET 1740
"12, 25" MET 1741
"12, 26" CYS 1742
"12, 27" ALA 1743
"12, 28" PHE 1744
"12, 29" PHE 1745
"12, 30" GLY 1746
"12, 31" SER 1747
"12, 32" GLY 1748
"12, 33" PHE 1749
"12, 34" ALA 1750
"12, 35" ALA 1751
"12, 36" PRO 1752
"12, 37" PHE 1753
"12, 38" PHE 1754
"12, 39" ILE 1755
"12, 40" VAL 1756
"12, 41" ARG 1757
"12, 42" HIS 1758
"12, 43" GLN 1759
"12, 44" LEU 1760
"12, 45" LEU 1761
"12, 46" LYS 1762
"12, 47" LYS 1763
"13, 1" ILE 1764
"13, 2" VAL 1765
"13, 3" SER 1766
"13, 4" GLY 1767
"13, 5" PRO 1768
"13, 6" PRO 1769
"13, 7" GLN 1770
"13, 8" HIS 1771
"13, 9" PRO 1772
"13, 10" LEU 1773
"13, 11" GLY 1774
"13, 12" THR 1775
"13, 13" ALA 1776
"13, 14" GLU 1777
"13, 15" SER 1778
"13, 16" VAL 1779
"13, 17" VAL 1780
"13, 18" GLY 1781
"13, 19" LEU 1782
"13, 20" LEU 1783
"13, 21" ALA 1784
"13, 22" MET 1785
"13, 23" PHE 1786
"13, 24" VAL 1787
"13, 25" THR 1788
"13, 26" CYS 1789
"13, 27" LEU 1790
"13, 28" GLY 1791
"13, 29" PRO 1792
"13, 30" ALA 1793
"13, 31" ALA 1794
"13, 32" TRP 1795
"13, 33" VAL 1796
"13, 34" LEU 1797
"13, 35" SER 1798
"13, 36" HIS 1799
"13, 37" LEU 1800
"13, 38" GLU 1801
"13, 39" ASP 1802
"13, 40" TYR 1803
"13, 41" LYS 1804
"13, 42" LYS 1805
"13, 43" ARG 1806
"13, 44" GLU 1807
"14, 1" ALA 1808
"14, 2" LEU 1809
"14, 3" TYR 1810
"14, 4" VAL 1811
"14, 5" MET 1812
"14, 6" ARG 1813
"14, 7" LEU 1814
"14, 8" ALA 1815
"14, 9" VAL 1816
"14, 10" PHE 1817
"14, 11" ASN 1818
"14, 12" PRO 1819
"14, 13" ASP 1820
"14, 14" VAL 1821
"14, 15" CYS 1822
"14, 16" TRP 1823
"14, 17" ASP 1824
"14, 18" LYS 1825
"14, 19" LYS 1826
"14, 20" ASN 1827
"14, 21" ASN 1828
"14, 22" PRO 1829
"14, 23" GLU 1830
"14, 24" PRO 1831
"14, 25" TRP 1832
"14, 26" ASN 1833
"14, 27" LYS 1834
"14, 28" LEU 1835
"14, 29" ALA 1836
"14, 30" PRO 1837
"14, 31" ASN 1838
"14, 32" ASP 1839
"14, 33" GLN 1840
"14, 34" TYR 1841
"14, 35" LYS 1842
"14, 36" PHE 1843
"14, 37" TYR 1844
"14, 38" SER 1845
"14, 39" VAL 1846
"14, 40" ASN 1847
"14, 41" VAL 1848
"14, 42" ASP 1849
"14, 43" TYR 1850
"14, 44" SER 1851
"14, 45" LYS 1852
"14, 46" LEU 1853
"14, 47" LYS 1854
"14, 48" LYS 1855
"14, 49" ASP 1856
"14, 50" ARG 1857
"14, 51" PRO 1858
"14, 52" ASP 1859
"14, 53" PHE 1860
