V	1
T	1
F	1
I	1
N	1
R	1
W	1
L	1
F	1
S	1
T	1
N	1
H	1
K	1
D	1
I	1
G	1
T	1
L	1
Y	1
L	1
I	1
F	1
G	1
T	1
W	1
A	1
G	1
M	1
A	1
G	1
T	1
A	1
L	1
S	1
L	1
L	1
I	1
R	1
A	1
E	1
L	1
G	1
Q	1
P	1
G	1
T	1
L	1
L	1
G	1
D	1
D	1
Q	1
I	1
Y	1
N	1
V	1
I	1
V	1
T	1
A	1
H	1
A	1
F	1
V	1
M	1
I	1
F	1
F	1
M	1
V	1
M	1
P	1
I	1
M	1
I	1
G	1
G	1
F	1
G	1
N	1
W	1
L	1
V	1
P	1
L	1
M	1
I	1
G	1
A	1
P	1
D	1
M	1
A	1
F	1
P	1
R	1
M	1
N	1
N	1
M	1
S	1
F	1
W	1
L	1
L	1
P	1
P	1
S	1
F	1
L	1
L	1
L	1
L	1
A	1
S	1
S	1
T	1
V	1
E	1
A	1
G	1
A	1
G	1
T	1
G	1
W	1
T	1
V	1
Y	1
P	1
P	1
L	1
A	1
G	1
N	1
L	1
A	1
H	1
A	1
G	1
A	1
S	1
V	1
D	1
L	1
A	1
I	1
F	1
S	1
L	1
H	1
L	1
A	1
G	1
V	1
S	1
S	1
I	1
L	1
G	1
A	1
I	1
N	1
F	1
I	1
T	1
T	1
I	1
I	1
N	1
M	1
K	1
P	1
P	1
A	1
L	1
S	1
Q	1
Y	1
Q	1
T	1
P	1
L	1
F	1
V	1
W	1
S	1
V	1
L	1
I	1
T	1
A	1
I	1
L	1
L	1
L	1
L	1
S	1
L	1
P	1
V	1
L	1
A	1
A	1
G	1
I	1
T	1
M	1
L	1
L	1
T	1
D	1
R	1
N	1
L	1
N	1
T	1
T	1
F	1
F	1
D	1
P	1
A	1
G	1
G	1
G	1
D	1
P	1
I	1
L	1
Y	1
Q	1
H	1
L	1
F	1
W	1
F	1
F	1
G	1
H	1
P	1
E	1
V	1
Y	1
I	1
L	1
I	1
L	1
P	1
G	1
F	1
G	1
M	1
I	1
S	1
H	1
V	1
V	1
A	1
Y	1
Y	1
A	1
G	1
K	1
K	1
E	1
P	1
F	1
G	1
Y	1
M	1
G	1
M	1
V	1
W	1
A	1
M	1
L	1
S	1
I	1
G	1
F	1
L	1
G	1
F	1
I	1
V	1
W	1
A	1
H	1
H	1
M	1
F	1
T	1
V	1
G	1
M	1
D	1
V	1
D	1
T	1
R	1
A	1
Y	1
F	1
T	1
S	1
A	1
T	1
M	1
I	1
I	1
A	1
I	1
P	1
T	1
G	1
I	1
K	1
V	1
F	1
S	1
W	1
L	1
A	1
T	1
L	1
H	1
G	1
G	1
T	1
I	1
K	1
W	1
D	1
P	1
P	1
M	1
L	1
W	1
A	1
L	1
G	1
F	1
I	1
F	1
L	1
F	1
T	1
I	1
G	1
G	1
L	1
T	1
G	1
I	1
V	1
L	1
A	1
N	1
S	1
S	1
L	1
D	1
I	1
A	1
L	1
H	1
D	1
T	1
Y	1
Y	1
V	1
V	1
A	1
H	1
F	1
H	1
Y	1
V	1
L	1
S	1
M	1
G	1
A	1
V	1
F	1
A	1
I	1
L	1
A	1
G	1
F	1
T	1
H	1
W	1
F	1
P	1
L	1
F	1
T	1
G	1
F	1
T	1
L	1
H	1
P	1
S	1
W	1
T	1
K	1
A	2
H	1
F	1
G	1
V	1
M	1
F	1
T	1
G	1
V	1
N	1
L	1
T	1
F	1
F	1
P	1
Q	1
H	1
F	1
L	1
G	1
L	1
A	1
G	1
M	1
P	1
R	1
R	1
Y	1
S	1
D	1
Y	1
P	1
D	1
A	1
Y	1
T	1
L	1
W	1
N	1
T	1
L	1
S	1
S	1
I	1
G	1
S	1
L	1
I	1
S	1
M	1
T	1
A	1
V	1
I	1
M	1
L	1
M	1
F	1
I	1
V	1
W	1
E	1
A	1
F	1
S	1
A	1
K	1
R	1
K	1
V	1
L	2
Q	1
P	1
E	1
L	1
T	1
A	2
T	1
N	1
I	1
E	1
W	1
I	1
H	1
G	1
C	1
P	1
P	1
P	1
Y	1
H	1
T	1
F	1
E	1
E	1
P	1
A	1
F	1
V	1
Q	1
V	1
Q	NA
E	NA
M	1
A	1
N	1
H	1
S	1
Q	1
L	1
G	1
F	1
Q	1
D	1
A	1
S	1
S	1
P	1
I	1
M	1
E	1
E	1
L	1
V	1
E	1
F	1
H	1
D	1
H	1
A	1
L	1
M	1
V	1
A	1
L	1
A	1
I	1
C	1
S	1
L	1
V	1
L	1
Y	1
L	1
L	1
T	1
L	1
M	1
L	1
M	1
E	1
K	1
L	1
S	1
S	1
N	1
T	1
V	1
D	1
A	1
Q	1
E	1
V	1
E	1
L	1
I	1
W	1
T	1
I	1
L	1
P	1
A	1
I	1
V	1
L	1
V	1
L	1
L	1
A	1
L	1
P	1
S	1
L	1
Q	1
I	1
L	1
Y	1
M	1
M	1
D	1
E	1
I	1
D	1
E	1
P	1
D	1
L	1
T	1
L	1
K	1
A	1
I	1
G	1
H	1
Q	1
W	1
Y	1
W	1
T	1
Y	1
E	1
Y	1
T	1
D	1
F	1
K	1
D	1
L	1
S	1
F	1
D	1
S	1
Y	1
M	1
T	2
P	1
T	1
T	1
D	1
L	1
P	1
L	2
G	1
H	1
F	1
R	1
L	1
L	1
E	1
V	1
D	1
H	1
R	1
I	1
V	1
I	1
P	1
M	1
E	1
S	1
P	1
I	1
R	1
V	1
I	1
I	1
T	1
A	1
D	1
D	1
V	1
L	1
H	1
S	1
W	1
A	1
V	1
P	1
A	1
L	1
G	1
V	1
K	1
T	1
D	1
A	1
I	1
P	1
G	1
R	1
L	1
N	1
Q	1
T	1
S	1
F	1
I	1
T	1
T	1
R	1
P	1
G	1
V	1
F	1
Y	1
G	1
Q	1
C	1
S	1
E	1
I	1
C	1
G	1
A	1
N	1
H	1
S	1
Y	1
M	1
P	1
I	1
V	1
V	1
E	1
S	1
T	1
P	1
L	1
K	2
H	1
F	1
E	1
A	2
W	1
S	1
S	1
L	1
L	2
S	1
S	1
M	1
A	1
H	1
Q	1
A	1
H	1
S	1
Y	1
H	1
M	1
V	1
D	1
P	1
S	1
P	1
W	1
P	1
I	1
F	2
G	1
A	1
A	2
A	1
A	1
L	1
L	1
T	1
T	1
S	1
G	1
L	1
I	1
M	1
W	1
F	1
H	1
Y	1
S	1
S	1
T	1
T	2
L	1
L	1
T	2
M	2
G	1
L	1
L	2
S	1
M	1
L	2
L	1
V	1
M	1
L	2
Q	1
W	1
W	1
R	1
D	1
V	1
V	1
R	1
E	1
S	1
T	1
F	1
Q	1
G	1
H	1
H	1
T	1
P	1
T	1
V	1
Q	1
K	1
G	1
L	1
R	1
Y	1
G	1
M	1
I	1
L	1
F	1
I	1
T	1
S	1
E	1
A	1
F	1
F	1
F	1
L	1
G	1
F	1
F	1
W	1
A	1
F	1
F	1
H	1
S	1
S	1
L	1
A	1
P	1
T	1
P	1
E	1
L	1
G	1
G	1
Q	1
W	1
P	1
P	1
T	1
G	1
V	1
K	1
P	1
L	1
N	1
P	1
L	1
E	1
V	1
P	1
L	1
L	1
N	1
T	1
A	1
I	1
L	1
L	1
A	1
S	1
G	1
V	1
T	1
V	1
T	1
W	1
A	1
H	1
H	1
S	1
I	1
T	1
E	1
G	2
N	1
R	1
K	1
Q	1
A	1
I	1
H	2
A	1
L	1
T	2
L	1
T	1
I	1
L	1
L	1
G	1
F	1
Y	1
F	1
T	1
A	2
L	1
Q	1
A	1
M	1
E	1
Y	1
H	1
E	1
A	1
S	1
F	1
S	1
I	1
A	1
D	1
S	1
V	1
Y	1
G	1
S	1
T	1
F	1
F	1
V	1
A	1
T	1
G	1
F	1
H	1
G	1
L	1
H	1
V	1
I	1
I	1
G	1
S	1
S	1
F	1
L	1
T	2
V	1
C	1
L	1
L	1
R	1
L	1
I	1
K	1
F	1
H	1
F	1
T	1
P	1
N	1
H	1
H	1
F	1
G	1
F	1
E	1
A	1
A	1
A	1
W	1
Y	1
W	1
H	1
F	1
V	1
D	1
I	1
I	1
W	1
L	1
F	1
L	1
Y	1
M	1
S	1
M	1
Y	1
W	1
W	1
G	1
S	1
A	NA
H	NA
G	NA
H	NA
A	NA
G	NA
V	1
V	1
K	1
A	1
D	1
D	2
F	1
S	1
H	1
P	2
A	1
Y	1
V	1
D	1
R	2
R	1
D	1
V	1
P	1
L	1
P	1
E	1
V	1
A	1
F	1
V	1
K	1
E	1
L	1
S	1
A	2
Q	1
Q	2
K	1
A	1
L	1
K	1
E	1
K	1
E	1
K	1
A	1
S	1
W	1
T	1
A	1
L	1
S	1
V	1
D	1
E	1
K	1
V	1
E	1
L	1
Y	1
R	1
I	1
K	1
F	1
N	1
E	1
S	1
Y	1
A	1
E	1
M	1
N	1
K	2
G	2
T	1
N	1
E	1
W	1
K	1
T	1
V	1
L	2
G	1
G	1
V	1
L	1
F	2
F	1
L	1
G	1
V	1
S	1
G	2
L	1
I	1
L	1
I	1
W	1
Q	1
K	1
M	2
Y	2
M	1
Y	1
G	1
P	2
I	1
P	1
H	1
T	1
F	2
S	1
D	1
E	2
W	1
L	1
S	1
M	1
Q	1
T	1
K	1
R	1
M	1
L	1
D	1
M	1
R	2
I	1
N	1
P	1
V	1
E	1
G	2
I	1
S	1
A	2
Q	2
W	2
D	1
Y	1
E	1
K	1
N	1
E	1
W	1
K	1
K	1
S	NA
H	NA
G	1
S	1
Q	1
E	1
S	1
D	1
E	1
E	1
F	1
D	1
A	1
R	1
W	1
V	1
T	1
Y	1
F	1
N	1
K	1
P	1
D	1
I	1
D	1
A	1
W	1
E	1
L	1
R	1
K	1
G	1
V	1
N	1
T	1
L	1
V	1
G	1
Y	1
D	1
L	1
V	1
P	1
E	1
P	1
K	1
I	1
I	1
D	1
A	1
A	1
L	1
R	1
A	1
C	1
R	1
R	1
L	1
N	1
D	1
F	1
A	1
S	1
A	1
V	1
R	1
I	1
L	1
E	1
V	1
V	1
K	1
D	1
K	1
A	1
G	1
P	1
H	1
K	1
E	1
I	1
Y	1
P	1
Y	1
V	1
I	2
Q	1
E	1
L	1
R	1
P	1
T	1
L	1
S	1
E	1
L	1
G	1
I	1
S	1
T	1
P	1
E	1
E	1
L	1
G	1
L	1
D	1
K	1
A	1
A	NA
A	NA
P	NA
G	NA
D	2
L	1
A	1
T	2
D	1
E	2
E	1
Q	1
A	1
T	1
G	1
L	2
E	1
R	1
K	1
V	1
M	2
E	2
A	1
M	2
N	1
K	1
G	1
L	2
D	1
P	1
Y	1
S	1
M	1
F	1
R	1
P	1
K	1
R	1
Y	1
A	1
G	1
T	1
K	1
E	1
D	1
P	1
N	1
L	1
V	1
P	1
S	1
I	1
T	2
D	2
K	1
R	1
I	1
V	1
G	1
C	1
V	1
C	1
E	1
E	1
D	1
N	1
S	1
C	2
V	1
I	2
W	1
F	1
W	1
L	1
H	1
K	2
G	1
E	1
A	1
Q	1
R	1
C	1
P	1
S	1
C	1
G	1
S	1
H	1
Y	1
K	1
L	1
I	1
P	1
H	1
E	1
L	1
P	1
H	1
A	NA
A	1
S	1
A	2
A	1
H	2
E	1
G	2
G	1
G	1
A	2
R	1
L	2
W	1
K	2
T	2
L	1
S	1
F	2
V	1
V	1
A	1
L	2
P	1
A	1
V	1
G	1
V	1
C	1
M	2
L	2
N	1
C	2
Y	1
L	1
K	1
A	1
Q	1
H	1
E	NA
H	1
E	1
R	2
P	1
E	1
F	1
I	1
R	1
Y	1
A	1
H	1
L	1
R	2
I	2
R	2
S	1
K	1
P	1
F	1
P	1
W	1
G	1
D	2
G	1
N	1
K	1
T	1
L	1
F	1
H	1
N	1
P	1
H	1
V	1
N	1
A	1
L	1
P	1
T	2
G	1
Y	1
E	1
D	1
E	1
N	1
K	1
L	1
E	2
H	1
Y	1
K	1
T	1
A	1
P	1
F	1
D	1
S	1
R	1
F	1
P	1
N	1
Q	1
N	1
Q	1
T	1
R	1
N	1
C	1
W	1
Q	1
N	1
Y	1
L	1
D	1
F	1
H	1
R	1
C	1
E	1
K	1
A	1
M	1
A	1
A	1
K	1
G	1
A	1
D	1
A	1
T	2
P	1
C	1
Q	1
W	1
Y	1
Y	2
R	1
V	1
Y	1
K	1
S	1
I	1
C	1
P	1
T	1
S	1
W	1
V	1
T	1
T	1
W	1
D	1
E	1
Y	2
R	1
E	1
E	1
G	1
T	1
F	1
P	1
G	1
K	1
I	1
S	NA
S	NA
A	NA
L	NA
L	NA
P	NA
K	NA
P	NA
Q	NA
M	NA
R	NA
R	NA
L	NA
L	NA
A	NA
R	NA
R	NA
M	NA
K	NA
F	NA
H	NA
L	NA
F	NA
G	NA
A	NA
F	NA
L	NA
V	NA
S	NA
L	NA
G	NA
C	NA
A	NA
A	NA
L	1
Y	1
K	2
F	1
G	1
V	1
A	2
E	1
P	1
R	1
K	2
R	1
A	1
Y	2
A	1
E	1
F	1
Y	3
K	1
N	1
Y	3
D	1
P	2
M	1
K	2
D	2
F	1
E	1
A	1
M	2
R	2
A	1
A	1
G	1
V	1
F	1
E	2
S	1
A	1
P	2
P	2
K	2
L	2
E	1
N	2
R	2
V	2
P	1
E	2
K	1
Q	1
K	1
L	1
F	1
Q	1
E	1
D	1
N	1
G	2
L	3
P	2
V	1
Y	2
L	1
K	2
G	1
G	2
I	1
M	1
D	2
G	1
L	1
L	1
Y	1
R	1
V	1
T	1
M	1
G	1
L	1
T	1
V	1
F	1
G	1
T	2
G	1
Y	1
V	3
L	2
Y	1
E	1
L	2
M	3
M	1
A	2
S	2
M	2
P	3
K	3
K	2
Q	1
K	1
T	NA
H	1
H	2
R	2
K	2
H	2
E	2
P	2
N	2
F	2
H	2
D	2
K	3
Y	1
G	1
N	2
L	2
V	2
L	2
I	1
G	1
G	1
A	1
A	2
V	1
F	1
A	2
T	1
V	2
W	1
G	1
Y	2
V	1
F	1
T	1
K	1
S	1
G	1
M	1
E	2
W	1
G	1
L	1
S	1
P	1
V	1
G	2
R	2
V	1
T	2
P	2
K	1
E	1
W	2
R	1
E	1
S	1
H	2
Y	2
E	2
D	2
G	2
P	1
G	1
K	1
N	1
L	2
P	1
F	1
S	1
V	1
E	1
N	1
K	2
W	1
R	1
L	1
L	1
A	1
M	1
M	1
C	1
A	1
F	1
F	1
G	1
S	1
G	1
F	1
A	1
A	1
P	2
F	2
F	1
I	1
V	2
R	1
H	1
Q	1
L	1
L	1
K	1
K	2
I	2
V	2
S	1
G	2
P	1
P	1
Q	1
H	2
P	1
L	2
G	2
T	2
A	2
E	1
S	2
V	2
V	2
G	1
L	2
L	2
A	2
M	1
F	2
V	2
T	2
C	2
L	1
G	1
P	1
A	1
A	1
W	1
V	1
L	1
S	2
H	1
L	1
E	2
D	1
Y	1
K	1
K	1
R	1
E	1
A	NA
L	1
Y	1
V	1
M	1
R	1
L	2
A	1
V	1
F	1
N	2
P	1
D	1
V	2
C	1
W	1
D	2
K	1
K	1
N	1
N	1
P	1
E	1
P	1
W	2
N	1
K	1
L	1
A	1
P	1
N	1
D	1
Q	1
Y	2
K	1
F	1
Y	1
S	1
V	1
N	1
V	1
D	1
Y	1
S	2
K	2
L	1
K	2
K	1
D	1
R	1
P	1
D	3
F	2
