"1, 1" PHE 1
"1, 2" HIS 2
"1, 3" PHE 3
"1, 4" THR 4
"1, 5" VAL 5
"1, 6" ASP 6
"1, 7" GLY 7
"1, 8" LYS 8
"1, 9" LYS 9
"1, 10" ASN 10
"1, 11" ALA 11
"1, 12" SER 12
"1, 13" THR 13
"1, 14" LYS 14
"1, 15" VAL 15
"1, 16" SER 16
"1, 17" ASP 17
"1, 18" SER 18
"1, 19" ILE 19
"1, 20" SER 20
"1, 21" THR 21
"1, 22" GLN 22
"1, 23" TYR 23
"1, 24" PRO 24
"1, 25" VAL 25
"1, 26" VAL 26
"1, 27" ASP 27
"1, 28" HIS 28
"1, 29" GLU 29
"1, 30" PHE 30
"1, 31" ASP 31
"1, 32" ALA 32
"1, 33" VAL 33
"1, 34" VAL 34
"1, 35" VAL 35
"1, 36" GLY 36
"1, 37" ALA 37
"1, 38" GLY 38
"1, 39" GLY 39
"1, 40" ALA 40
"1, 41" GLY 41
"1, 42" LEU 42
"1, 43" ARG 43
"1, 44" ALA 44
"1, 45" ALA 45
"1, 46" PHE 46
"1, 47" GLY 47
"1, 48" LEU 48
"1, 49" SER 49
"1, 50" GLU 50
"1, 51" ALA 51
"1, 52" GLY 52
"1, 53" PHE 53
"1, 54" ASN 54
"1, 55" THR 55
"1, 56" ALA 56
"1, 57" CYS 57
"1, 58" VAL 58
"1, 59" THR 59
"1, 60" LYS 60
"1, 61" LEU 61
"1, 62" PHE 62
"1, 63" PRO 63
"1, 64" THR 64
"1, 65" ARG 65
"1, 66" SER 66
"1, 67" HIS 67
"1, 68" THR 68
"1, 69" VAL 69
"1, 70" ALA 70
"1, 71" ALA 71
"1, 72" GLN 72
"1, 73" GLY 73
"1, 74" GLY 74
"1, 75" ILE 75
"1, 76" ASN 76
"1, 77" ALA 77
"1, 78" ALA 78
"1, 79" LEU 79
"1, 80" GLY 80
"1, 81" ASN 81
"1, 82" MET 82
"1, 83" GLU 83
"1, 84" ASP 84
"1, 85" ASP 85
"1, 86" ASN 86
"1, 87" TRP 87
"1, 88" ARG 88
"1, 89" TRP 89
"1, 90" HIS 90
"1, 91" PHE 91
"1, 92" TYR 92
"1, 93" ASP 93
"1, 94" THR 94
"1, 95" VAL 95
"1, 96" LYS 96
"1, 97" GLY 97
"1, 98" SER 98
"1, 99" ASP 99
"1, 100" TRP 100
"1, 101" LEU 101
"1, 102" GLY 102
"1, 103" ASP 103
"1, 104" GLN 104
"1, 105" ASP 105
"1, 106" ALA 106
"1, 107" ILE 107
"1, 108" HIS 108
"1, 109" TYR 109
"1, 110" MET 110
"1, 111" THR 111
"1, 112" GLU 112
"1, 113" GLN 113
"1, 114" ALA 114
"1, 115" PRO 115
"1, 116" ALA 116
"1, 117" ALA 117
"1, 118" VAL 118
"1, 119" ILE 119
"1, 120" GLU 120
"1, 121" LEU 121
"1, 122" GLU 122
"1, 123" ASN 123
"1, 124" TYR 124
"1, 125" GLY 125
"1, 126" MET 126
"1, 127" PRO 127
"1, 128" PHE 128
"1, 129" SER 129
"1, 130" ARG 130
"1, 131" THR 131
"1, 132" GLU 132
"1, 133" GLU 133
"1, 134" GLY 134
"1, 135" LYS 135
"1, 136" ILE 136
"1, 137" TYR 137
"1, 138" GLN 138
"1, 139" ARG 139
"1, 140" ALA 140
"1, 141" PHE 141
"1, 142" GLY 142
"1, 143" GLY 143
"1, 144" GLN 144
"1, 145" SER 145
"1, 146" LEU 146
"1, 147" GLN 147
"1, 148" PHE 148
"1, 149" GLY 149
"1, 150" LYS 150
"1, 151" GLY 151
"1, 152" GLY 152
"1, 153" GLN 153
"1, 154" ALA 154
"1, 155" HIS 155
"1, 156" ARG 156
"1, 157" CYS 157
"1, 158" CYS 158
"1, 159" CYS 159
"1, 160" VAL 160
"1, 161" ALA 161
"1, 162" ASP 162
"1, 163" ARG 163
"1, 164" THR 164
"1, 165" GLY 165
"1, 166" HIS 166
"1, 167" SER 167
"1, 168" LEU 168
"1, 169" LEU 169
"1, 170" HIS 170
"1, 171" THR 171
"1, 172" LEU 172
"1, 173" TYR 173
"1, 174" GLY 174
"1, 175" ARG 175
"1, 176" SER 176
"1, 177" LEU 177
"1, 178" ARG 178
"1, 179" TYR 179
"1, 180" ASP 180
"1, 181" THR 181
"1, 182" SER 182
"1, 183" TYR 183
"1, 184" PHE 184
"1, 185" VAL 185
"1, 186" GLU 186
"1, 187" TYR 187
"1, 188" PHE 188
"1, 189" ALA 189
"1, 190" LEU 190
"1, 191" ASP 191
"1, 192" LEU 192
"1, 193" LEU 193
"1, 194" MET 194
"1, 195" GLU 195
"1, 196" ASN 196
"1, 197" GLY 197
"1, 198" GLU 198
"1, 199" CYS 199
"1, 200" ARG 200
"1, 201" GLY 201
"1, 202" VAL 202
"1, 203" ILE 203
"1, 204" ALA 204
"1, 205" LEU 205
"1, 206" CYS 206
"1, 207" ILE 207
"1, 208" GLU 208
"1, 209" ASP 209
"1, 210" GLY 210
"1, 211" THR 211
"1, 212" ILE 212
"1, 213" HIS 213
"1, 214" ARG 214
"1, 215" PHE 215
"1, 216" ARG 216
"1, 217" ALA 217
"1, 218" LYS 218
"1, 219" ASN 219
"1, 220" THR 220
"1, 221" VAL 221
"1, 222" ILE 222
"1, 223" ALA 223
"1, 224" THR 224
"1, 225" GLY 225
"1, 226" GLY 226
"1, 227" TYR 227
"1, 228" GLY 228
"1, 229" ARG 229
"1, 230" THR 230
"1, 231" TYR 231
"1, 232" PHE 232
"1, 233" SER 233
"1, 234" CYS 234
"1, 235" THR 235
"1, 236" SER 236
"1, 237" ALA 237
"1, 238" HIS 238
"1, 239" THR 239
"1, 240" SER 240
"1, 241" THR 241
"1, 242" GLY 242
"1, 243" ASP 243
"1, 244" GLY 244
"1, 245" THR 245
"1, 246" ALA 246
"1, 247" MET 247
"1, 248" VAL 248
"1, 249" THR 249
"1, 250" ARG 250
"1, 251" ALA 251
"1, 252" GLY 252
"1, 253" LEU 253
"1, 254" PRO 254
"1, 255" CYS 255
"1, 256" GLN 256
"1, 257" ASP 257
"1, 258" LEU 258
"1, 259" GLU 259
"1, 260" PHE 260
"1, 261" VAL 261
"1, 262" GLN 262
"1, 263" PHE 263
"1, 264" HIS 264
"1, 265" PRO 265
"1, 266" THR 266
"1, 267" GLY 267
"1, 268" ILE 268
"1, 269" TYR 269
"1, 270" GLY 270
"1, 271" ALA 271
"1, 272" GLY 272
"1, 273" CYS 273
"1, 274" LEU 274
"1, 275" ILE 275
"1, 276" THR 276
"1, 277" GLU 277
"1, 278" GLY 278
"1, 279" CYS 279
"1, 280" ARG 280
"1, 281" GLY 281
"1, 282" GLU 282
"1, 283" GLY 283
"1, 284" GLY 284
"1, 285" ILE 285
"1, 286" LEU 286
"1, 287" ILE 287
"1, 288" ASN 288
"1, 289" SER 289
"1, 290" GLN 290
"1, 291" GLY 291
"1, 292" GLU 292
"1, 293" ARG 293
"1, 294" PHE 294
"1, 295" MET 295
"1, 296" GLU 296
"1, 297" ARG 297
"1, 298" TYR 298
"1, 299" ALA 299
"1, 300" PRO 300
"1, 301" VAL 301
"1, 302" ALA 302
"1, 303" LYS 303
"1, 304" ASP 304
"1, 305" LEU 305
"1, 306" ALA 306
"1, 307" SER 307
"1, 308" ARG 308
"1, 309" ASP 309
"1, 310" VAL 310
"1, 311" VAL 311
"1, 312" SER 312
"1, 313" ARG 313
"1, 314" SER 314
"1, 315" MET 315
"1, 316" THR 316
"1, 317" ILE 317
"1, 318" GLU 318
"1, 319" ILE 319
"1, 320" ARG 320
"1, 321" GLU 321
"1, 322" GLY 322
"1, 323" ARG 323
"1, 324" GLY 324
"1, 325" CYS 325
"1, 326" GLY 326
"1, 327" PRO 327
"1, 328" GLU 328
"1, 329" LYS 329
"1, 330" ASP 330
"1, 331" HIS 331
"1, 332" VAL 332
"1, 333" TYR 333
"1, 334" LEU 334
"1, 335" GLN 335
"1, 336" LEU 336
"1, 337" HIS 337
"1, 338" HIS 338
"1, 339" LEU 339
"1, 340" PRO 340
"1, 341" PRO 341
"1, 342" GLN 342
"1, 343" GLN 343
"1, 344" LEU 344
"1, 345" ALA 345
"1, 346" THR 346
"1, 347" ARG 347
"1, 348" LEU 348
"1, 349" PRO 349
"1, 350" GLY 350
"1, 351" ILE 351
"1, 352" SER 352
"1, 353" GLU 353
"1, 354" THR 354
"1, 355" ALA 355
"1, 356" MET 356
"1, 357" ILE 357
"1, 358" PHE 358
"1, 359" ALA 359
"1, 360" GLY 360
"1, 361" VAL 361
"1, 362" ASP 362
"1, 363" VAL 363
"1, 364" THR 364
"1, 365" LYS 365
"1, 366" GLU 366
"1, 367" PRO 367
"1, 368" ILE 368
"1, 369" PRO 369
"1, 370" VAL 370
"1, 371" LEU 371
"1, 372" PRO 372
"1, 373" THR 373
"1, 374" VAL 374
"1, 375" HIS 375
"1, 376" TYR 376
"1, 377" ASN 377
"1, 378" MET 378
"1, 379" GLY 379
"1, 380" GLY 380
"1, 381" ILE 381
"1, 382" PRO 382
"1, 383" THR 383
"1, 384" ASN 384
"1, 385" TYR 385
"1, 386" LYS 386
"1, 387" GLY 387
"1, 388" GLN 388
"1, 389" VAL 389
"1, 390" ILE 390
"1, 391" THR 391
"1, 392" HIS 392
"1, 393" VAL 393
"1, 394" ASN 394
"1, 395" GLY 395
"1, 396" GLU 396
"1, 397" ASP 397
"1, 398" LYS 398
"1, 399" VAL 399
"1, 400" VAL 400
"1, 401" PRO 401
"1, 402" GLY 402
"1, 403" LEU 403
"1, 404" TYR 404
"1, 405" ALA 405
"1, 406" CYS 406
"1, 407" GLY 407
"1, 408" GLU 408
"1, 409" ALA 409
"1, 410" ALA 410
"1, 411" SER 411
"1, 412" ALA 412
"1, 413" SER 413
"1, 414" VAL 414
"1, 415" HIS 415
"1, 416" GLY 416
"1, 417" ALA 417
"1, 418" ASN 418
"1, 419" ARG 419
"1, 420" LEU 420
"1, 421" GLY 421
"1, 422" ALA 422
"1, 423" ASN 423
"1, 424" SER 424
"1, 425" LEU 425
"1, 426" LEU 426
"1, 427" ASP 427
"1, 428" LEU 428
"1, 429" VAL 429
"1, 430" VAL 430
"1, 431" PHE 431
"1, 432" GLY 432
"1, 433" ARG 433
"1, 434" ALA 434
"1, 435" CYS 435
"1, 436" ALA 436
"1, 437" LEU 437
"1, 438" THR 438
"1, 439" ILE 439
"1, 440" ALA 440
"1, 441" GLU 441
"1, 442" THR 442
"1, 443" CYS 443
"1, 444" LYS 444
"1, 445" PRO 445
"1, 446" GLY 446
"1, 447" GLU 447
"1, 448" PRO 448
"1, 449" VAL 449
"1, 450" PRO 450
"1, 451" SER 451
"1, 452" ILE 452
"1, 453" LYS 453
"1, 454" PRO 454
"1, 455" ASN 455
"1, 456" ALA 456
"1, 457" GLY 457
"1, 458" GLU 458
"1, 459" GLU 459
"1, 460" SER 460
"1, 461" VAL 461
"1, 462" ALA 462
"1, 463" ASN 463
"1, 464" LEU 464
"1, 465" ASP 465
"1, 466" LYS 466
"1, 467" LEU 467
"1, 468" ARG 468
"1, 469" PHE 469
"1, 470" ALA 470
"1, 471" ASP 471
"1, 472" GLY 472
"1, 473" THR 473
"1, 474" ILE 474
"1, 475" ARG 475
"1, 476" THR 476
"1, 477" SER 477
"1, 478" GLU 478
"1, 479" ALA 479
"1, 480" ARG 480
"1, 481" LEU 481
"1, 482" ASN 482
"1, 483" MET 483
"1, 484" GLN 484
"1, 485" LYS 485
"1, 486" THR 486
"1, 487" MET 487
"1, 488" GLN 488
"1, 489" SER 489
"1, 490" HIS 490
"1, 491" ALA 491
"1, 492" ALA 492
"1, 493" VAL 493
"1, 494" PHE 494
"1, 495" ARG 495
"1, 496" THR 496
"1, 497" GLY 497
"1, 498" SER 498
"1, 499" ILE 499
"1, 500" LEU 500
"1, 501" GLN 501
"1, 502" GLU 502
"1, 503" GLY 503
"1, 504" CYS 504
"1, 505" GLU 505
"1, 506" LYS 506
"1, 507" LEU 507
"1, 508" SER 508
"1, 509" GLN 509
"1, 510" ILE 510
"1, 511" TYR 511
"1, 512" ARG 512
"1, 513" ASP 513
"1, 514" LEU 514
"1, 515" ALA 515
"1, 516" HIS 516
"1, 517" LEU 517
"1, 518" LYS 518
"1, 519" THR 519
"1, 520" PHE 520
"1, 521" ASP 521
"1, 522" ARG 522
"1, 523" GLY 523
"1, 524" ILE 524
"1, 525" VAL 525
"1, 526" TRP 526
"1, 527" ASN 527
"1, 528" THR 528
"1, 529" ASP 529
"1, 530" LEU 530
"1, 531" VAL 531
"1, 532" GLU 532
"1, 533" THR 533
"1, 534" LEU 534
"1, 535" GLU 535
"1, 536" LEU 536
"1, 537" GLN 537
"1, 538" ASN 538
"1, 539" LEU 539
"1, 540" MET 540
"1, 541" LEU 541
"1, 542" CYS 542
"1, 543" ALA 543
"1, 544" LEU 544
"1, 545" GLN 545
"1, 546" THR 546
"1, 547" ILE 547
"1, 548" TYR 548
"1, 549" GLY 549
"1, 550" ALA 550
"1, 551" GLU 551
"1, 552" ALA 552
"1, 553" ARG 553
"1, 554" LYS 554
"1, 555" GLU 555
"1, 556" SER 556
"1, 557" ARG 557
"1, 558" GLY 558
"1, 559" ALA 559
"1, 560" HIS 560
"1, 561" ALA 561
"1, 562" ARG 562
"1, 563" GLU 563
"1, 564" ASP 564
"1, 565" TYR 565
"1, 566" LYS 566
"1, 567" LEU 567
"1, 568" ARG 568
"1, 569" ILE 569
"1, 570" ASP 570
"1, 571" GLU 571
"1, 572" PHE 572
"1, 573" ASP 573
"1, 574" TYR 574
"1, 575" SER 575
"1, 576" LYS 576
"1, 577" PRO 577
"1, 578" LEU 578
"1, 579" GLN 579
"1, 580" GLY 580
"1, 581" GLN 581
"1, 582" GLN 582
"1, 583" LYS 583
"1, 584" ARG 584
"1, 585" PRO 585
"1, 586" PHE 586
"1, 587" GLU 587
"1, 588" GLU 588
"1, 589" HIS 589
"1, 590" TRP 590
"1, 591" ARG 591
"1, 592" LYS 592
"1, 593" HIS 593
"1, 594" THR 594
"1, 595" LEU 595
"1, 596" SER 596
"1, 597" TYR 597
"1, 598" VAL 598
"1, 599" ASP 599
"1, 600" VAL 600
"1, 601" LYS 601
"1, 602" SER 602
"1, 603" GLY 603
"1, 604" LYS 604
"1, 605" VAL 605
"1, 606" THR 606
"1, 607" LEU 607
"1, 608" LYS 608
"1, 609" TYR 609
"1, 610" ARG 610
"1, 611" PRO 611
"1, 612" VAL 612
"1, 613" ILE 613
"1, 614" ASP 614
"1, 615" ARG 615
"1, 616" THR 616
"1, 617" LEU 617
"1, 618" ASN 618
"1, 619" GLU 619
"1, 620" GLU 620
"1, 621" ASP 621
"1, 622" CYS 622
"1, 623" SER 623
"1, 624" SER 624
"1, 625" VAL 625
"1, 626" PRO 626
"1, 627" PRO 627
"1, 628" ALA 628
"1, 629" ILE 629
"1, 630" ARG 630
"1, 631" SER 631
"1, 632" TYR 632
"2, 1" ALA 633
"2, 2" GLN 634
"2, 3" THR 635
"2, 4" ALA 636
"2, 5" ALA 637
"2, 6" ALA 638
"2, 7" ALA 639
"2, 8" THR 640
"2, 9" SER 641
"2, 10" ARG 642
"2, 11" ILE 643
"2, 12" LYS 644
"2, 13" LYS 645
"2, 14" PHE 646
"2, 15" SER 647
"2, 16" ILE 648
"2, 17" TYR 649
"2, 18" ARG 650
"2, 19" TRP 651
"2, 20" ASP 652
"2, 21" PRO 653
"2, 22" ASP 654
"2, 23" LYS 655
"2, 24" PRO 656
"2, 25" GLY 657
"2, 26" ASP 658
"2, 27" LYS 659
"2, 28" PRO 660
"2, 29" ARG 661
"2, 30" MET 662
"2, 31" GLN 663
"2, 32" THR 664
"2, 33" TYR 665
"2, 34" GLU 666
"2, 35" VAL 667
"2, 36" ASP 668
"2, 37" LEU 669
"2, 38" ASN 670
"2, 39" LYS 671
"2, 40" CYS 672
"2, 41" GLY 673
"2, 42" PRO 674
"2, 43" MET 675
"2, 44" VAL 676
"2, 45" LEU 677
"2, 46" ASP 678
"2, 47" ALA 679
"2, 48" LEU 680
"2, 49" ILE 681
"2, 50" LYS 682
"2, 51" ILE 683
"2, 52" LYS 684
"2, 53" ASN 685
"2, 54" GLU 686
"2, 55" LEU 687
"2, 56" ASP 688
"2, 57" SER 689
"2, 58" THR 690
"2, 59" LEU 691
"2, 60" THR 692
"2, 61" PHE 693
"2, 62" ARG 694
"2, 63" ARG 695
"2, 64" SER 696
"2, 65" CYS 697
"2, 66" ARG 698
"2, 67" GLU 699
"2, 68" GLY 700
"2, 69" ILE 701
"2, 70" CYS 702
"2, 71" GLY 703
"2, 72" SER 704
"2, 73" CYS 705
"2, 74" ALA 706
"2, 75" MET 707
"2, 76" ASN 708
"2, 77" ILE 709
"2, 78" ALA 710
"2, 79" GLY 711
"2, 80" GLY 712
"2, 81" ASN 713
"2, 82" THR 714
"2, 83" LEU 715
"2, 84" ALA 716
"2, 85" CYS 717
"2, 86" THR 718
"2, 87" LYS 719
"2, 88" LYS 720
"2, 89" ILE 721
"2, 90" ASP 722
"2, 91" PRO 723
"2, 92" ASP 724
"2, 93" LEU 725
"2, 94" SER 726
"2, 95" LYS 727
"2, 96" THR 728
"2, 97" THR 729
"2, 98" LYS 730
"2, 99" ILE 731
"2, 100" TYR 732
"2, 101" PRO 733
"2, 102" LEU 734
"2, 103" PRO 735
"2, 104" HIS 736
"2, 105" MET 737
"2, 106" TYR 738
"2, 107" VAL 739
"2, 108" VAL 740
"2, 109" LYS 741
"2, 110" ASP 742
"2, 111" LEU 743
"2, 112" VAL 744
"2, 113" PRO 745
"2, 114" ASP 746
"2, 115" LEU 747
"2, 116" SER 748
"2, 117" ASN 749
"2, 118" PHE 750
"2, 119" TYR 751
"2, 120" ALA 752
"2, 121" GLN 753
"2, 122" TYR 754
"2, 123" LYS 755
"2, 124" SER 756
"2, 125" ILE 757
"2, 126" GLU 758
"2, 127" PRO 759
"2, 128" TYR 760
"2, 129" LEU 761
"2, 130" LYS 762
"2, 131" LYS 763
"2, 132" LYS 764
"2, 133" ASP 765
"2, 134" GLU 766
"2, 135" SER 767
"2, 136" LYS 768
"2, 137" GLN 769
"2, 138" GLY 770
"2, 139" LYS 771
"2, 140" GLU 772
"2, 141" GLN 773
"2, 142" TYR 774
"2, 143" LEU 775
"2, 144" GLN 776
"2, 145" SER 777
"2, 146" ILE 778
"2, 147" GLU 779
"2, 148" ASP 780
"2, 149" ARG 781
"2, 150" GLN 782
"2, 151" LYS 783
"2, 152" LEU 784
"2, 153" ASP 785
"2, 154" GLY 786
"2, 155" LEU 787
"2, 156" TYR 788
"2, 157" GLU 789
"2, 158" CYS 790
"2, 159" ILE 791
"2, 160" LEU 792
"2, 161" CYS 793
"2, 162" ALA 794
"2, 163" CYS 795
"2, 164" CYS 796
"2, 165" SER 797
"2, 166" THR 798
"2, 167" SER 799
"2, 168" CYS 800
"2, 169" PRO 801
"2, 170" SER 802
"2, 171" TYR 803
"2, 172" TRP 804
"2, 173" TRP 805
"2, 174" ASN 806
"2, 175" GLY 807
"2, 176" ASP 808
"2, 177" LYS 809
"2, 178" TYR 810
"2, 179" LEU 811
"2, 180" GLY 812
"2, 181" PRO 813
"2, 182" ALA 814
"2, 183" VAL 815
"2, 184" LEU 816
"2, 185" MET 817
"2, 186" GLN 818
"2, 187" ALA 819
"2, 188" TYR 820
"2, 189" ARG 821
"2, 190" TRP 822
"2, 191" MET 823
"2, 192" ILE 824
"2, 193" ASP 825
"2, 194" SER 826
"2, 195" ARG 827
"2, 196" ASP 828
"2, 197" ASP 829
"2, 198" TYR 830
"2, 199" THR 831
"2, 200" GLU 832
"2, 201" GLU 833
"2, 202" ARG 834
"2, 203" LEU 835
"2, 204" ALA 836
"2, 205" GLN 837
"2, 206" LEU 838
"2, 207" GLN 839
"2, 208" ASP 840
"2, 209" PRO 841
"2, 210" PHE 842
"2, 211" SER 843
"2, 212" LEU 844
"2, 213" TYR 845
"2, 214" ARG 846
"2, 215" CYS 847
"2, 216" HIS 848
"2, 217" THR 849
"2, 218" ILE 850
"2, 219" MET 851
"2, 220" ASN 852
"2, 221" CYS 853
"2, 222" THR 854
"2, 223" ARG 855
"2, 224" THR 856
"2, 225" CYS 857
"2, 226" PRO 858
"2, 227" LYS 859
"2, 228" GLY 860
"2, 229" LEU 861
"2, 230" ASN 862
"2, 231" PRO 863
"2, 232" GLY 864
"2, 233" LYS 865
"2, 234" ALA 866
"2, 235" ILE 867
"2, 236" ALA 868
"2, 237" GLU 869
"2, 238" ILE 870
"2, 239" LYS 871
"2, 240" LYS 872
"2, 241" MET 873
"2, 242" MET 874
"2, 243" ALA 875
"2, 244" THR 876
"2, 245" TYR 877
"2, 246" LYS 878
"2, 247" GLU 879
"2, 248" LYS 880
"2, 249" ALA 881
"2, 250" ALA 882
"2, 251" ALA 883
"2, 252" ALA 884
"3, 1" ALA 885
"3, 2" THR 886
"3, 3" THR 887
"3, 4" ALA 888
"3, 5" LYS 889
"3, 6" GLU 890
"3, 7" GLU 891
"3, 8" MET 892
"3, 9" ALA 893
"3, 10" ARG 894
"3, 11" PHE 895
"3, 12" TRP 896
"3, 13" GLU 897
"3, 14" LYS 898
"3, 15" ASN 899
"3, 16" THR 900
"3, 17" LYS 901
"3, 18" SER 902
"3, 19" SER 903
"3, 20" ARG 904
"3, 21" PRO 905
"3, 22" LEU 906
"3, 23" SER 907
"3, 24" PRO 908
"3, 25" HIS 909
"3, 26" ILE 910
"3, 27" SER 911
"3, 28" ILE 912
"3, 29" TYR 913
"3, 30" LYS 914
"3, 31" TRP 915
"3, 32" SER 916
"3, 33" LEU 917
"3, 34" PRO 918
"3, 35" MET 919
"3, 36" ALA 920
"3, 37" MET 921
"3, 38" SER 922
"3, 39" ILE 923
"3, 40" THR 924
"3, 41" HIS 925
"3, 42" ARG 926
"3, 43" GLY 927
"3, 44" THR 928
"3, 45" GLY 929
"3, 46" VAL 930
"3, 47" ALA 931
"3, 48" LEU 932
"3, 49" SER 933
"3, 50" LEU 934
"3, 51" GLY 935
"3, 52" VAL 936
"3, 53" CYS 937
"3, 54" THR 938
"3, 55" SER 939
"3, 56" SER 940
"3, 57" CYS 941
"3, 58" CYS 942
"3, 59" GLY 943
"3, 60" LEU 944
"3, 61" GLN 945
"3, 62" SER 946
"3, 63" CYS 947
"3, 64" GLY 948
"3, 65" CYS 949
"3, 66" TRP 950
"3, 67" HIS 951
"3, 68" SER 952
"3, 69" PHE 953
"3, 70" ILE 954
"3, 71" SER 955
"3, 72" PRO 956
"3, 73" CYS 957
"3, 74" LEU 958
"3, 75" SER 959
"3, 76" SER 960
"3, 77" CYS 961
"3, 78" ASN 962
"3, 79" SER 963
"3, 80" ALA 964
"3, 81" PHE 965
"3, 82" SER 966
"3, 83" ARG 967
"3, 84" VAL 968
"3, 85" SER 969
"3, 86" LEU 970
"3, 87" PHE 971
"3, 88" SER 972
"3, 89" LEU 973
"3, 90" ALA 974
"3, 91" ALA 975
"3, 92" LEU 976
"3, 93" LEU 977
"3, 94" LEU 978
"3, 95" PRO 979
"3, 96" GLU 980
"3, 97" GLN 981
"3, 98" PHE 982
"3, 99" PRO 983
"3, 100" HIS 984
"3, 101" TYR 985
"3, 102" VAL 986
"3, 103" ALA 987
"3, 104" VAL 988
"3, 105" VAL 989
"3, 106" LYS 990
"3, 107" SER 991
"3, 108" LEU 992
"3, 109" SER 993
"3, 110" LEU 994
"3, 111" SER 995
"3, 112" PRO 996
"3, 113" ALA 997
"3, 114" LEU 998
"3, 115" ILE 999
"3, 116" TYR 1000
"3, 117" SER 1001
"3, 118" ALA 1002
"3, 119" LYS 1003
"3, 120" PHE 1004
"3, 121" ALA 1005
"3, 122" LEU 1006
"3, 123" VAL 1007
"3, 124" PHE 1008
"3, 125" PRO 1009
"3, 126" LEU 1010
"3, 127" SER 1011
"3, 128" TYR 1012
"3, 129" HIS 1013
"3, 130" THR 1014
"3, 131" TRP 1015
"3, 132" ASN 1016
"3, 133" GLY 1017
"3, 134" ILE 1018
"3, 135" ARG 1019
"3, 136" HIS 1020
"3, 137" LEU 1021
"3, 138" VAL 1022
"3, 139" TRP 1023
"3, 140" ASP 1024
"3, 141" MET 1025
"3, 142" GLY 1026
"3, 143" LYS 1027
"3, 144" GLY 1028
"3, 145" PHE 1029
"3, 146" LYS 1030
"3, 147" LEU 1031
"3, 148" SER 1032
"3, 149" GLN 1033
"3, 150" VAL 1034
"3, 151" GLU 1035
"3, 152" GLN 1036
"3, 153" SER 1037
"3, 154" GLY 1038
"3, 155" VAL 1039
"3, 156" VAL 1040
"3, 157" VAL 1041
"3, 158" LEU 1042
"3, 159" ILE 1043
"3, 160" LEU 1044
"3, 161" THR 1045
"3, 162" LEU 1046
"3, 163" LEU 1047
"3, 164" SER 1048
"3, 165" SER 1049
"3, 166" ALA 1050
"3, 167" ALA 1051
"3, 168" ILE 1052
"3, 169" ALA 1053
"3, 170" ALA 1054
"3, 171" MET 1055
"4, 1" SER 1056
"4, 2" HIS 1057
"4, 3" GLY 1058
"4, 4" GLY 1059
"4, 5" ALA 1060
"4, 6" PRO 1061
"4, 7" GLN 1062
"4, 8" GLY 1063
"4, 9" HIS 1064
"4, 10" GLY 1065
"4, 11" SER 1066
"4, 12" SER 1067
"4, 13" LYS 1068
"4, 14" ALA 1069
"4, 15" ALA 1070
"4, 16" SER 1071
"4, 17" LEU 1072
"4, 18" HIS 1073
"4, 19" TRP 1074
"4, 20" THR 1075
"4, 21" SER 1076
"4, 22" GLU 1077
"4, 23" ARG 1078
"4, 24" ALA 1079
"4, 25" VAL 1080
"4, 26" SER 1081
"4, 27" ALA 1082
"4, 28" LEU 1083
"4, 29" LEU 1084
"4, 30" LEU 1085
"4, 31" GLY 1086
"4, 32" LEU 1087
"4, 33" LEU 1088
"4, 34" PRO 1089
"4, 35" ALA 1090
"4, 36" ALA 1091
"4, 37" TYR 1092
"4, 38" LEU 1093
"4, 39" TYR 1094
"4, 40" PRO 1095
"4, 41" GLY 1096
"4, 42" PRO 1097
"4, 43" ALA 1098
"4, 44" VAL 1099
"4, 45" ASP 1100
"4, 46" TYR 1101
"4, 47" SER 1102
"4, 48" LEU 1103
"4, 49" ALA 1104
"4, 50" ALA 1105
"4, 51" ALA 1106
"4, 52" LEU 1107
"4, 53" THR 1108
"4, 54" LEU 1109
"4, 55" HIS 1110
"4, 56" GLY 1111
"4, 57" HIS 1112
"4, 58" TRP 1113
"4, 59" GLY 1114
"4, 60" LEU 1115
"4, 61" GLY 1116
"4, 62" GLN 1117
"4, 63" VAL 1118
"4, 64" ILE 1119
"4, 65" THR 1120
"4, 66" ASP 1121
"4, 67" TYR 1122
"4, 68" VAL 1123
"4, 69" HIS 1124
"4, 70" GLY 1125
"4, 71" ASP 1126
"4, 72" THR 1127
"4, 73" PRO 1128
"4, 74" ILE 1129
"4, 75" LYS 1130
"4, 76" VAL 1131
"4, 77" ALA 1132
"4, 78" ASN 1133
"4, 79" THR 1134
"4, 80" GLY 1135
"4, 81" LEU 1136
"4, 82" TYR 1137
"4, 83" VAL 1138
"4, 84" LEU 1139
"4, 85" SER 1140
"4, 86" ALA 1141
"4, 87" ILE 1142
"4, 88" THR 1143
"4, 89" PHE 1144
"4, 90" THR 1145
"4, 91" GLY 1146
"4, 92" LEU 1147
"4, 93" CYS 1148
"4, 94" TYR 1149
"4, 95" PHE 1150
"4, 96" ASN 1151
"4, 97" TYR 1152
"4, 98" TYR 1153
"4, 99" ASP 1154
"4, 100" VAL 1155
"4, 101" GLY 1156
"4, 102" ILE 1157
"4, 103" CYS 1158
"4, 104" LYS 1159
"4, 105" ALA 1160
"4, 106" VAL 1161
"4, 107" ALA 1162
"4, 108" MET 1163
"4, 109" LEU 1164
"4, 110" TRP 1165
"4, 111" SER 1166
"4, 112" ILE 1167
