"AA1","SubPos1","GloPos1","AA1Type"
"PRO","1, 10","10","mit"
"LEU","1, 11","11","mit"
"LEU","1, 50","50","mit"
"ALA","1, 53","53","mit"
"MET","1, 54","54","mit"
"HIS","1, 55","55","mit"
"TYR","1, 56","56","mit"
"THR","1, 57","57","mit"
"ALA","1, 58","58","mit"
"ASP","1, 59","59","mit"
"LEU","1, 62","62","mit"
"PRO","1, 174","174","mit"
"THR","1, 177","177","mit"
"ARG","1, 178","178","mit"
"ALA","1, 181","181","mit"
"PHE","1, 184","184","mit"
"LEU","1, 185","185","mit"
"PHE","1, 188","188","mit"
"ILE","1, 196","196","mit"
"THR","1, 199","199","mit"
"PHE","1, 200","200","mit"
"GLU","1, 203","203","mit"
"PRO","2, 10","390","mit"
"LEU","2, 11","391","mit"
"LEU","2, 50","430","mit"
"ALA","2, 53","433","mit"
"MET","2, 54","434","mit"
"HIS","2, 55","435","mit"
"TYR","2, 56","436","mit"
"THR","2, 57","437","mit"
"ALA","2, 58","438","mit"
"ASP","2, 59","439","mit"
"LEU","2, 62","442","mit"
"PRO","2, 174","554","mit"
"THR","2, 177","557","mit"
"ARG","2, 178","558","mit"
"ALA","2, 181","561","mit"
"PHE","2, 184","564","mit"
"LEU","2, 185","565","mit"
"PHE","2, 188","568","mit"
"ILE","2, 196","576","mit"
"THR","2, 199","579","mit"
"PHE","2, 200","580","mit"
"GLU","2, 203","583","mit"
