S	2
T	2
T	1
T	2
P	1
R	2
E	2
C	2
Y	2
K	2
Y	2
V	2
N	1
I	2
Q	2
E	2
P	1
A	2
M	2
D	1
M	2
K	1
S	2
I	2
T	2
D	2
R	1
A	1
A	2
Q	2
T	1
L	2
L	1
W	1
T	1
E	2
L	2
F	2
R	2
G	NA
L	2
A	1
M	1
T	1
L	2
S	1
Y	1
L	1
F	1
R	1
E	1
P	1
A	1
T	1
I	1
N	1
Y	1
P	1
F	1
E	1
K	2
G	1
P	1
L	1
S	1
P	1
R	1
F	1
R	1
G	1
E	1
H	1
A	1
L	1
R	1
R	1
Y	1
P	1
S	1
G	1
E	1
E	1
R	1
C	1
I	1
A	1
C	1
K	1
L	1
C	1
E	1
A	1
I	1
C	1
P	1
A	1
Q	1
A	1
I	1
T	1
I	1
E	1
A	1
E	1
P	1
R	1
A	1
D	1
G	1
S	1
R	1
R	1
T	1
T	1
R	1
Y	1
D	1
I	1
D	1
M	1
T	1
K	1
C	1
I	1
Y	1
C	1
G	1
F	1
C	1
Q	1
E	1
A	1
C	1
P	1
V	1
D	1
A	1
I	1
V	1
E	1
G	1
P	1
N	1
F	1
E	1
F	1
S	1
T	1
E	1
T	1
H	1
E	1
E	1
L	1
L	1
Y	1
N	1
K	1
E	1
K	1
L	1
L	1
N	1
N	1
G	1
D	1
K	1
W	1
E	1
A	1
E	1
I	1
A	1
A	1
N	1
I	1
Q	1
A	1
D	1
Y	1
L	1
Y	1
R	1
